actor_episodes,actor_loss,actor_steps,binary_accuracy,categorical_accuracy,critic_loss,entropy_mean,evaluator_episodes,evaluator_steps,learner_steps,learner_walltime,logits_neg,logits_pos,logsumexp,steps_per_second
78,3.8049068,11700,0.9800117,0.0040893555,5.6092515,0.014816105,19,2850,1,0,-4.2163534,-4.212305,5.9654274,0.0
102,6.8679805,15300,0.9808905,0.16082764,3.6380534,-13.631775,26,3900,12,10.63032078742981,-11.56777,-3.520868,10.6016865,91.92091599216104
111,10.209351,16650,0.98573613,0.3277588,2.6224074,-13.331864,46,6900,27,21.123883962631226,-20.205599,-2.525043,10.252955,98.58591817861966
118,21.767511,17700,0.995157,0.39855957,1.9923208,-22.366852,67,10050,41,31.322511434555054,-47.155525,-1.9771669,3.2089908,98.6467106181877
123,32.052937,18450,0.9948213,0.43597412,1.7381063,-25.554451,94,14100,56,41.80253863334656,-71.78461,-1.7154633,3.069943,101.68344790150282
130,39.305073,19500,0.9949944,0.46533203,1.6274408,-25.689743,118,17700,70,51.98427081108093,-88.433586,-1.6071643,3.0902228,101.84984671422067
136,43.92583,20400,0.9948697,0.4800415,1.5578039,-26.62878,144,21600,85,62.64301586151123,-99.00112,-1.5255884,3.5219793,77.50920401285259
142,45.97556,21300,0.9948828,0.4755249,1.5165684,-26.789707,168,25200,99,72.64621710777283,-104.603745,-1.4843698,3.49305,99.43107158758298
148,51.97776,22200,0.9952049,0.49139404,1.4469779,-26.781336,194,29100,113,82.65738201141357,-117.39232,-1.4206226,2.821113,77.95671650416696
154,54.175545,23100,0.994365,0.5126953,1.3977513,-27.164654,215,32250,127,92.71919965744019,-124.80089,-1.3432757,5.2758646,100.7732522148229
160,58.548424,24000,0.99467945,0.524353,1.3870642,-27.68038,240,36000,141,102.73797655105591,-135.86705,-1.3578681,4.526111,77.69533961895527
166,63.38152,24900,0.99556756,0.53881836,1.3090053,-28.949978,264,39600,156,113.56304597854614,-144.56952,-1.2713158,2.3963563,77.12414801858205
173,62.048893,25950,0.9947088,0.5409546,1.3260714,-29.249413,292,43800,171,124.20082187652588,-144.88272,-1.290216,4.7843,97.21149797834758
179,68.62047,26850,0.9952829,0.54711914,1.2615846,-29.702282,317,47550,185,134.33096528053284,-157.9697,-1.2596214,3.552892,75.10806017923944
186,68.85127,27900,0.99541235,0.57092285,1.2084095,-29.883774,341,51150,199,144.52660536766052,-162.28891,-1.1725222,3.156765,64.43223615375956
191,67.307785,28650,0.9951539,0.57958984,1.1779356,-30.02295,363,54450,214,155.05859851837158,-159.78123,-1.1472816,4.399219,100.2567923035064
197,73.796906,29550,0.9957385,0.5772705,1.1504719,-29.848785,387,58050,228,165.36265587806702,-167.01585,-1.1329057,2.4263515,75.73889445977143
203,72.86517,30450,0.9956367,0.5866699,1.1398063,-28.825027,413,61950,243,175.90598702430725,-168.68642,-1.0939736,2.5797372,100.8845231486997
210,77.5508,31500,0.99556565,0.5895386,1.0932637,-29.93061,437,65550,257,186.20211148262024,-178.56912,-1.0452297,3.3503447,77.21059658880088
215,77.801704,32250,0.9959028,0.60284424,1.0960155,-31.058956,461,69150,272,196.72907710075378,-177.92258,-1.0727477,2.1205578,101.42909837134091
223,79.45526,33450,0.9956982,0.60546875,1.0576298,-31.301735,489,73350,286,207.16361021995544,-182.7829,-1.0365618,2.5871253,76.35829726420805
227,83.77257,34050,0.9952917,0.5991821,1.0753123,-31.21086,512,76800,301,217.70259261131287,-189.29828,-1.0509782,4.1878123,77.6517374595557
235,85.80476,35250,0.9957781,0.60583496,1.0500671,-32.90796,539,80850,315,227.950448513031,-194.65251,-1.0076102,2.8624144,75.32235223869206
239,91.2479,35850,0.9951844,0.6130371,1.0293486,-33.041943,565,84750,330,238.55699038505554,-209.94221,-0.9413235,5.4767804,76.30049898596842
247,89.76651,37050,0.9958072,0.6206665,1.0208544,-32.789223,592,88800,344,248.8410201072693,-204.05367,-1.0000032,2.924708,100.89225836883578
254,89.19873,38100,0.99535966,0.6104126,1.1353734,-33.580124,621,93150,359,259.7223937511444,-203.49902,-1.1158026,4.1745987,54.76337776863815
259,93.84607,38850,0.9952061,0.6189575,1.2040308,-34.11236,645,96750,374,270.24922943115234,-213.72588,-1.1710868,4.796223,100.43605941557227
267,91.57755,40050,0.9958103,0.62683105,1.0263126,-33.974533,673,100950,388,280.70979404449463,-210.66345,-1.0012766,2.7261057,62.08183404923845
271,92.743744,40650,0.995888,0.6227417,1.0286186,-34.022118,700,105000,403,291.03520226478577,-213.78958,-1.0004914,2.3681717,101.64960208907024
279,95.88928,41850,0.99573135,0.6365967,1.0016248,-33.483635,726,108900,417,301.6479413509369,-219.03094,-0.96178573,3.618866,79.21981036385245
283,98.175415,42450,0.9954598,0.6444702,1.01972,-34.3024,758,113700,432,312.0318076610565,-222.72127,-0.98300403,4.298105,100.77143634763056
291,98.1541,43650,0.9952948,0.642395,0.97172207,-34.021915,779,116850,446,322.55082511901855,-223.4436,-0.9088423,5.1398826,99.12898988567328
295,97.77394,44250,0.9954922,0.63934326,1.0741546,-34.57728,809,121350,461,333.12957644462585,-222.42288,-1.020288,4.235394,76.23432198612457
303,99.515785,45450,0.9955671,0.6558838,1.0894723,-33.913242,831,124650,475,343.4473948478699,-223.892,-1.0360067,4.116631,103.14970678842155
308,95.852455,46200,0.9961064,0.65649414,0.89924204,-33.857628,859,128850,490,354.13770484924316,-219.26378,-0.87551177,2.4354064,76.26291092083257
315,96.80585,47250,0.99621224,0.6665039,0.931945,-32.85812,881,132150,504,364.294997215271,-221.62439,-0.9212969,2.344553,99.67489482419953
321,96.53763,48150,0.9961345,0.6710205,0.9268879,-33.40104,910,136500,518,374.47136545181274,-225.18857,-0.91842127,2.182353,61.493944196347776
327,98.13742,49050,0.99573255,0.67510986,0.9523866,-33.270214,933,139950,532,384.59842586517334,-231.19554,-0.8992835,4.2246013,101.69226922616495
332,90.922615,49800,0.99616575,0.6906738,0.9237665,-33.493004,961,144150,547,395.55747175216675,-213.54233,-0.91990316,2.6680636,64.25597885864953
339,99.636116,50850,0.996073,0.67071533,0.9133947,-32.50456,989,148350,562,406.0646622180939,-231.11171,-0.8915565,2.6944604,101.82558413005249
346,103.03909,51900,0.9961779,0.6703491,0.95860475,-33.884583,1012,151800,576,416.5856261253357,-238.85907,-0.93929946,2.3324099,76.22711316300168
352,95.62786,52800,0.99600434,0.6703491,0.9371468,-34.139202,1042,156300,591,427.1115641593933,-222.28749,-0.9071066,3.2772593,75.4453911034539
359,93.64309,53850,0.99593925,0.6581421,0.9704335,-33.689117,1064,159600,605,437.42343735694885,-221.33334,-0.94910526,3.2520967,94.53850103718
364,90.34137,54600,0.9960849,0.67755127,0.97385985,-32.893326,1093,163950,620,448.0356693267822,-216.26965,-0.9558772,2.7866976,99.40540754722151
371,96.52846,55650,0.9960253,0.6842041,0.9318205,-33.81301,1115,167250,634,458.38657331466675,-228.39021,-0.9210564,3.0386415,98.40189739548012
376,100.913704,56400,0.995981,0.6798096,0.9354792,-34.208786,1143,171450,649,468.99784874916077,-234.42818,-0.9125788,3.3510249,100.18158536944918
383,95.7946,57450,0.99597955,0.68359375,0.87880707,-34.02661,1169,175350,663,479.37721705436707,-229.6586,-0.85567904,3.7282844,101.0089993001046
388,98.60631,58200,0.9959047,0.6859741,0.90084255,-34.312836,1193,178950,678,490.1373383998871,-231.0154,-0.8860155,3.4900599,76.86571780778377
395,98.82948,59250,0.9956758,0.68707275,0.97896016,-33.921124,1216,182400,692,500.24505853652954,-234.93384,-0.9173513,4.4428487,99.74163343623249
401,100.748024,60150,0.99624753,0.71136475,0.8084873,-33.95642,1243,186450,706,510.4818003177643,-237.50635,-0.778998,2.8629618,100.16622112765401
407,111.22957,61050,0.99613047,0.7043457,0.8107811,-33.539337,1265,189750,720,520.6698832511902,-254.56317,-0.7820926,2.9983401,100.06894898611559
413,106.89295,61950,0.99583817,0.689209,0.91879064,-34.001892,1289,193350,734,530.8813681602478,-249.22192,-0.86412,4.8172226,96.90013096394954
419,106.02458,62850,0.9963558,0.70617676,0.8899694,-33.266026,1313,196950,748,541.0222194194794,-251.16315,-0.8693408,2.7628932,99.84759110447202
425,107.51284,63750,0.9959476,0.6862793,0.93950427,-32.428955,1337,200550,762,551.2475974559784,-249.51779,-0.8807595,3.3691874,99.54825598471521
431,118.44612,64650,0.9962168,0.7102051,0.8558964,-32.80655,1363,204450,776,561.4906005859375,-272.07397,-0.8205998,3.053395,100.06309255508148
437,114.90785,65550,0.99602985,0.69970703,0.84547794,-32.79409,1387,208050,790,571.7029693126678,-265.75778,-0.80426645,3.662885,100.24462432650037
443,122.7418,66450,0.9958749,0.6992798,0.85143185,-32.641056,1411,211650,804,581.933336019516,-282.4121,-0.802245,4.575911,98.1613473096044
449,109.61206,67350,0.99565816,0.7008667,0.95913815,-34.02767,1432,214800,818,592.1567907333374,-259.83948,-0.93945944,5.679653,97.8455876885393
455,114.834175,68250,0.9963987,0.72631836,0.8007014,-32.220978,1459,218850,832,602.4683930873871,-265.2713,-0.7713703,2.8236475,77.0430003309197
460,115.788086,69000,0.996341,0.71899414,0.7964885,-32.31289,1483,222450,846,612.6192898750305,-271.31534,-0.75064564,2.7983308,75.48956446812197
467,120.54127,70050,0.9962225,0.7149048,0.81681734,-32.104744,1506,225900,860,622.810578584671,-282.69012,-0.79451233,3.4205618,98.75543966118556
472,119.1086,70800,0.9964125,0.7279053,0.8005821,-32.30965,1532,229800,874,632.974062204361,-279.64893,-0.7841841,2.766304,76.43387293151814
479,94.891266,71850,0.99606156,0.6915283,0.8905831,-33.236046,1555,233250,888,643.1314001083374,-226.3182,-0.853672,4.3232417,101.58724468885069
486,86.960335,72900,0.99597836,0.6993408,0.9616593,-33.15214,1586,237900,903,654.1258883476257,-212.77798,-0.8767501,3.847624,62.8277644251305
491,94.1192,73650,0.99530053,0.7102051,0.9424934,-31.805815,1609,241350,918,664.7524642944336,-224.53636,-0.8479551,8.836646,101.07175221865363
499,79.1314,74850,0.9959805,0.7207031,0.87537694,-31.507557,1636,245400,932,675.3470182418823,-194.95041,-0.78331745,3.6739368,61.990695234044004
504,90.52433,75600,0.99619055,0.72613525,0.7913177,-31.241457,1661,249150,947,685.9828345775604,-220.33528,-0.7470999,3.2153535,73.36476961066327
511,96.76677,76650,0.9957738,0.72088623,0.8327406,-30.179327,1689,253350,961,696.4012098312378,-229.44618,-0.75212586,7.0449133,62.732943228342755
515,82.53209,77250,0.9960413,0.7327881,0.84145963,-30.454966,1710,256500,975,706.408762216568,-201.70192,-0.8038079,4.7095633,75.61828402408536
523,82.82469,78450,0.9959693,0.73773193,0.87684333,-30.964926,1737,260550,989,716.8024439811707,-201.0165,-0.80291975,5.151517,62.77490055912327
528,91.19512,79200,0.9964721,0.7327881,0.7839651,-31.32331,1763,264450,1003,726.8491907119751,-221.01897,-0.78409326,2.5390816,76.40619958397708
533,91.759155,79950,0.99632215,0.74401855,0.7803292,-31.985626,1786,267900,1017,737.1098177433014,-223.73349,-0.73431,3.541006,75.3483787501849
540,96.24916,81000,0.99613357,0.7116089,0.84825134,-31.236773,1810,271500,1031,747.3597388267517,-231.31026,-0.82368344,3.8411267,97.77576974589307
545,105.07118,81750,0.99644256,0.7398071,0.7289785,-30.458652,1835,275250,1045,757.3809585571289,-252.13779,-0.69662267,2.436582,100.33695006989765
552,101.569496,82800,0.9963422,0.7270508,0.77261794,-30.308792,1863,279450,1059,767.7285170555115,-241.1575,-0.73856664,3.3657348,100.38989666516949
557,103.49068,83550,0.99629974,0.7548218,0.7375236,-30.508163,1888,283200,1073,777.7429735660553,-248.36688,-0.694298,4.4160957,99.58319180587553
564,104.87491,84600,0.99651694,0.7472534,0.7215817,-32.111603,1912,286800,1087,788.1360914707184,-254.83699,-0.6733753,2.5126712,74.98419115202853
569,108.11545,85350,0.99626637,0.73223877,0.7589919,-31.257809,1939,290850,1101,798.155116558075,-260.54346,-0.6955998,3.75242,99.7347776865851
576,111.42494,86400,0.9963875,0.75128174,0.7271918,-30.50082,1962,294300,1115,808.5398888587952,-269.58752,-0.6906849,3.9430957,99.1440009366467
581,115.13887,87150,0.9964633,0.741272,0.73494977,-28.77614,1986,297900,1130,819.3472311496735,-281.39478,-0.7017442,2.9599667,75.17332696330071
588,118.31561,88200,0.996459,0.7435913,0.7663242,-27.959923,2012,301800,1144,829.5297770500183,-281.69696,-0.7338152,3.3037844,100.14013887945899
594,117.122894,89100,0.9966154,0.7449951,0.7235681,-31.152462,2036,305400,1158,839.7948150634766,-280.57452,-0.7000312,2.55894,98.347603331946
600,126.081985,90000,0.99656177,0.75982666,0.6982366,-29.176617,2060,309000,1172,850.0521686077118,-295.3061,-0.66003346,3.0927062,97.87801794752404
606,127.135864,90900,0.9965472,0.7512207,0.7046897,-27.273453,2087,313050,1186,860.2185082435608,-302.6164,-0.68389475,3.376123,97.81724220234635
612,123.96619,91800,0.9965339,0.7626343,0.707448,-26.56667,2111,316650,1200,870.4786660671234,-292.29663,-0.67973405,3.2504666,98.4867029326743
618,133.0293,92700,0.99656653,0.75335693,0.6955552,-28.6065,2134,320100,1214,880.764187335968,-309.8706,-0.6829916,2.770183,97.74063121038914
624,129.09726,93600,0.9964943,0.75738525,0.67443657,-26.646492,2160,324000,1228,891.0450105667114,-305.1278,-0.65845716,3.7979565,97.21181481784608
630,141.51764,94500,0.9965091,0.76275635,0.6908505,-26.262978,2188,328200,1242,901.2406709194183,-332.24628,-0.660395,3.713526,101.24944167403117
636,135.65819,95400,0.9966488,0.7733154,0.6587757,-29.12688,2213,331950,1256,911.6503942012787,-324.5902,-0.64541805,2.9018168,100.32352530068789
642,137.13882,96300,0.9965551,0.76794434,0.7110002,-26.46649,2238,335700,1270,921.8411476612091,-328.69855,-0.6609155,3.5096493,97.22163786681018
648,143.25117,97200,0.9966428,0.78204346,0.6240897,-26.92939,2263,339450,1284,932.098384141922,-339.75385,-0.58756244,3.3662848,100.05872865413066
654,145.08128,98100,0.99649024,0.76904297,0.64983165,-27.179304,2284,342600,1298,942.3205065727234,-341.49527,-0.61019367,3.9079099,99.44797953509394
660,147.89767,99000,0.99607563,0.77471924,0.68556964,-27.281971,2313,346950,1312,952.5311074256897,-347.51077,-0.62277496,7.588202,75.94883354435304
666,153.38675,99900,0.9960809,0.77282715,0.67264783,-26.373362,2337,350550,1326,962.7522552013397,-364.48267,-0.61370933,6.346266,98.2759879843819
672,139.22626,100800,0.99673295,0.78131104,0.63518125,-28.106674,2362,354300,1340,972.9682807922363,-334.26978,-0.596219,2.8032084,98.83052104859912
678,154.09682,101700,0.99675965,0.7838745,0.6053737,-26.918074,2386,357900,1354,983.2315096855164,-368.7286,-0.5637363,2.5280128,97.46998437200439
684,154.25212,102600,0.9966922,0.78234863,0.6318387,-28.527458,2412,361800,1368,993.4836356639862,-364.62646,-0.6137301,2.8457527,75.44481858957622
690,158.93277,103500,0.99663997,0.77368164,0.61042786,-27.724398,2437,365550,1382,1003.7240028381348,-373.315,-0.59754753,3.0564833,98.5965279065881
696,157.70398,104400,0.9967339,0.78948975,0.6337043,-26.590134,2461,369150,1396,1013.9510114192963,-369.87283,-0.61062056,3.0835495,98.09165169054198
702,156.41524,105300,0.99658155,0.79364014,0.58206975,-25.320774,2487,373050,1410,1024.1899483203888,-367.93735,-0.554254,4.2162895,95.03196319874138
708,156.28912,106200,0.99662375,0.77923584,0.64310336,-25.438416,2512,376800,1424,1034.3520395755768,-365.51184,-0.6056663,3.1780133,98.83918183455019
713,159.51352,106950,0.99662185,0.79571533,0.60105854,-26.206863,2537,380550,1438,1044.5984299182892,-373.23904,-0.5691993,4.3898315,74.97964616180894
720,166.49341,108000,0.99662614,0.7797241,0.6534908,-25.622,2564,384600,1452,1054.7849390506744,-384.3704,-0.6126497,2.8950703,96.6947500677206
726,167.81712,108900,0.9967766,0.7914429,0.5980923,-26.336891,2590,388500,1467,1065.6095523834229,-395.2967,-0.56976926,2.5541177,76.32690213419818
732,171.38472,109800,0.99674034,0.8010864,0.5658075,-25.39177,2616,392400,1481,1075.8484501838684,-411.979,-0.5253692,3.7160993,98.90207261636591
738,165.67746,110700,0.99675965,0.7854004,0.607298,-24.452871,2639,395850,1495,1086.054949760437,-384.37866,-0.58824766,2.8748598,75.59043169557863
744,172.00424,111600,0.99668765,0.8009033,0.5893259,-25.541553,2666,399900,1509,1096.2547194957733,-396.5415,-0.5461062,3.874336,101.82627939352328
750,173.52809,112500,0.9964168,0.8006592,0.598889,-24.075947,2692,403800,1523,1106.5138566493988,-403.09744,-0.55025727,5.6479244,74.3483897556798
756,172.34106,113400,0.99668765,0.8050537,0.5646736,-25.418226,2715,407250,1537,1116.8479669094086,-401.42072,-0.52867997,4.201643,100.65294132866082
762,171.40546,114300,0.9967849,0.7999878,0.55969197,-25.553288,2743,411450,1551,1127.142796754837,-405.26978,-0.51314896,3.6068425,73.83074748983861
768,175.73242,115200,0.9966469,0.8031616,0.6071819,-26.68542,2766,414900,1565,1137.422945022583,-413.95602,-0.5836711,3.5535822,99.96832867509184
774,169.8916,116100,0.99676156,0.79919434,0.5825474,-25.27341,2793,418950,1579,1147.6560690402985,-391.79977,-0.54263,3.1163673,74.78200220471906
780,191.76907,117000,0.996629,0.807312,0.56565535,-24.864964,2815,422250,1593,1157.9148914813995,-443.80283,-0.5307382,4.506295,74.88391067786095
786,185.8454,117900,0.99671316,0.8079834,0.55460525,-23.901707,2842,426300,1607,1168.2045874595642,-427.31897,-0.5044861,4.0875063,75.67974666985434
792,188.28261,118800,0.99673486,0.80322266,0.5903482,-26.613384,2866,429900,1621,1178.4599525928497,-429.96802,-0.5454359,3.5939977,94.02997492631673
797,177.67834,119550,0.996871,0.81085205,0.54908365,-24.63861,2890,433500,1635,1188.754320859909,-411.46722,-0.51494557,3.2976995,76.20328828830108
804,178.72415,120600,0.9966769,0.8099365,0.58008015,-26.721344,2915,437250,1649,1198.9736399650574,-411.44336,-0.5563643,4.2532487,95.91420028698998
809,191.48543,121350,0.9968641,0.8131714,0.55925846,-25.363506,2940,441000,1663,1209.4025621414185,-437.32825,-0.52626437,3.451572,75.61332105952833
816,178.08319,122400,0.9965811,0.80096436,0.62927186,-24.581974,2967,445050,1677,1219.676230430603,-412.85724,-0.5810415,4.2679605,75.06416411265967
821,187.37196,123150,0.9968116,0.8088989,0.5376864,-23.832727,2989,448350,1691,1229.9304308891296,-427.1126,-0.49709946,3.349265,74.99345039408267
828,191.07204,124200,0.9968121,0.80688477,0.5544514,-22.666088,3019,452850,1705,1240.1315848827362,-437.5766,-0.52785987,2.8829226,60.616393620312394
834,203.14526,125100,0.9967935,0.8022461,0.5543908,-23.349354,3042,456300,1719,1250.3701815605164,-458.20142,-0.53564006,3.0852349,77.15256571688231
838,194.25941,125700,0.9968569,0.81829834,0.5286752,-20.87829,3066,459900,1733,1260.4784500598907,-436.24286,-0.49005008,3.2609503,74.55144675691274
846,189.00758,126900,0.9967923,0.80810547,0.5337546,-23.958973,3091,463650,1747,1270.9769206047058,-432.39172,-0.48187274,3.593779,75.02025642695308
850,198.02182,127500,0.99666643,0.8111572,0.5694296,-21.235723,3116,467400,1761,1281.0175189971924,-445.18723,-0.5263211,4.9575415,73.61782039953509
857,192.99542,128550,0.99681664,0.805542,0.5371525,-21.256096,3139,470850,1775,1291.2345006465912,-442.63342,-0.4893968,3.1583498,99.50563500415726
862,193.02917,129300,0.9969232,0.82611084,0.5169895,-23.005472,3165,474750,1789,1301.5098230838776,-439.39056,-0.48292893,2.859178,75.38077314058174
870,197.21378,130500,0.9968672,0.8126831,0.5577424,-20.397915,3188,478200,1803,1311.78253698349,-450.21304,-0.53062,3.0460792,99.47138018691035
875,201.53433,131250,0.99684,0.8166504,0.52867806,-20.58458,3214,482100,1817,1322.0309164524078,-454.9103,-0.48725578,3.4249754,97.90768422741928
881,197.16818,132150,0.9968977,0.8130493,0.50356233,-19.391104,3238,485700,1831,1332.2799906730652,-449.07996,-0.47310692,2.8806028,99.26785059869023
887,198.0199,133050,0.996845,0.8145752,0.5303775,-21.004,3266,489900,1845,1342.4959633350372,-454.30054,-0.48546565,3.5330162,100.81802646611888
893,216.00906,133950,0.99695206,0.8321533,0.49223882,-21.08036,3292,493800,1859,1352.7367887496948,-487.42377,-0.4641893,3.8139997,100.0343052968696
899,211.655,134850,0.99691296,0.8190918,0.513746,-21.177988,3317,497550,1873,1363.0696856975555,-477.27322,-0.49145132,2.8663783,100.4251252622998
905,200.89182,135750,0.99685574,0.82250977,0.5265811,-21.6399,3341,501150,1887,1373.3129706382751,-466.98456,-0.49156898,3.6170523,101.14769229841711
911,212.26979,136650,0.9969549,0.82592773,0.5270014,-22.869318,3366,504900,1901,1383.6294283866882,-490.7346,-0.49530715,3.2940922,97.35382571034607
917,195.3895,137550,0.9966376,0.81744385,0.57520866,-22.575558,3393,508950,1915,1393.891541481018,-447.53833,-0.52584034,5.3176937,100.60616427446264
923,209.85983,138450,0.9969723,0.82910156,0.49045074,-21.618778,3416,512400,1929,1404.1819593906403,-475.34796,-0.47601748,2.7666864,95.17000030844622
929,207.38356,139350,0.9969437,0.8286743,0.48494977,-21.434963,3440,516000,1943,1414.39857172966,-474.6283,-0.4532361,3.1433206,100.83025830396909
935,229.95032,140250,0.9970596,0.8234253,0.5052308,-22.25137,3468,520200,1957,1424.644984960556,-515.9455,-0.46841645,2.9562125,74.09858336921837
941,217.15796,141150,0.996928,0.8274536,0.5002564,-20.17992,3490,523500,1971,1434.9236946105957,-487.97272,-0.44140518,3.547108,100.44665767106792
947,232.23595,142050,0.99703217,0.83618164,0.4875128,-21.111118,3518,527700,1985,1445.1906180381775,-512.84143,-0.4622736,3.3212495,74.20091307035109
953,213.03773,142950,0.99690056,0.83221436,0.48703772,-22.197197,3543,531450,1999,1455.428307056427,-491.7942,-0.44258314,4.297841,99.93829364872532
959,211.47058,143850,0.9968817,0.8213501,0.52550167,-22.674833,3568,535200,2013,1465.661991596222,-483.3011,-0.5013423,3.7471201,75.25178433063353
965,219.10007,144750,0.99704194,0.8423462,0.44338498,-21.226416,3590,538500,2027,1475.9405739307404,-496.56976,-0.44061756,3.188425,97.99886607945695
971,212.26834,145650,0.99688816,0.83496094,0.47337928,-22.727798,3617,542550,2041,1486.2553932666779,-479.21658,-0.4397294,4.0915728,73.48470972582929
977,223.32227,146550,0.9971061,0.848938,0.43086067,-20.866253,3641,546150,2055,1496.4694046974182,-505.92908,-0.41308573,3.535386,74.23009062949532
983,218.26732,147450,0.9969101,0.85028076,0.4447544,-19.160622,3668,550200,2069,1506.8793940544128,-495.6347,-0.41360325,4.8211665,75.11753922372192
989,216.17911,148350,0.9970248,0.8496094,0.44481874,-21.813612,3693,553950,2083,1517.1222910881042,-487.69275,-0.4131614,3.4395442,74.619980669195
995,210.31848,149250,0.997031,0.84295654,0.44821078,-19.68272,3718,557700,2097,1527.3858098983765,-488.1825,-0.4043432,3.933222,75.05465656265439
1001,216.48576,150150,0.99697566,0.85388184,0.43399653,-21.05177,3742,561300,2111,1537.6640543937683,-498.35995,-0.39274728,4.4969277,75.43207710365596
1007,213.97473,151050,0.99709773,0.84680176,0.45236075,-22.6888,3766,564900,2125,1547.949399471283,-483.7867,-0.41188323,3.8254952,74.23700878751633
1013,197.58759,151950,0.99714494,0.85632324,0.423728,-21.976086,3792,568800,2139,1558.1618762016296,-448.59714,-0.3835886,3.1021547,99.58079056852601
1019,206.56491,152850,0.9971802,0.8518677,0.42643255,-21.039387,3819,572850,2153,1568.313762664795,-463.62173,-0.40635365,3.290149,62.287557870585225
1025,211.86285,153750,0.99707174,0.8538208,0.40503418,-20.352295,3842,576300,2167,1578.4993271827698,-484.4096,-0.35224378,4.0961113,101.64348221530804
1031,209.57712,154650,0.9970741,0.8511963,0.41680023,-21.108019,3870,580500,2182,1589.330804824829,-473.6064,-0.38965452,3.3539023,76.59758081775094
1037,219.92117,155550,0.9971528,0.8602295,0.43238437,-20.952967,3895,584250,2196,1599.5323641300201,-492.7021,-0.4002271,3.0722723,101.34144763219273
1042,215.76053,156300,0.99707675,0.8701172,0.38293356,-19.538837,3919,587850,2210,1609.7611908912659,-493.168,-0.3376879,4.539027,77.102859552311
1049,209.20264,157350,0.99708915,0.8585205,0.41293296,-19.766888,3944,591600,2224,1620.0034670829773,-478.80307,-0.38122842,3.3334157,100.51296629478536
1055,197.16028,158250,0.99709153,0.85687256,0.40426946,-17.651926,3971,595650,2238,1630.2319767475128,-459.26453,-0.39258713,3.3466496,76.44025021478183
1061,204.74896,159150,0.9971087,0.8657837,0.38707435,-19.196886,3993,598950,2252,1640.4378507137299,-476.60013,-0.34691006,4.240946,100.4641384036321
1068,192.1344,160200,0.99713373,0.86206055,0.39700976,-19.553028,4023,603450,2267,1651.4351143836975,-445.30243,-0.3421832,3.9310217,62.688860511888294
1073,205.31274,160950,0.9972067,0.8614502,0.40387157,-19.218454,4047,607050,2281,1661.454873085022,-474.49536,-0.37031847,2.9420743,101.0238627942957
1079,199.50418,161850,0.9971993,0.8675537,0.38280684,-18.452248,4073,610950,2295,1671.7352194786072,-471.84906,-0.3504647,3.0919375,75.15701541747231
1085,195.86754,162750,0.9972348,0.87286377,0.36205664,-19.991024,4098,614700,2309,1681.9979693889618,-459.3632,-0.33462602,3.4276466,99.42300642275197
1091,203.03244,163650,0.9972706,0.8718262,0.3464248,-19.234947,4124,618600,2323,1692.2847216129303,-477.4547,-0.31625107,2.8221292,100.56515697743464
1097,193.84628,164550,0.9972265,0.87609863,0.35455364,-18.42947,4148,622200,2337,1702.4894773960114,-453.80646,-0.2972468,3.6555834,100.65637587415866
1103,192.87067,165450,0.9971585,0.8699951,0.376904,-21.374107,4174,626100,2351,1712.9424276351929,-452.70685,-0.35320005,4.226261,76.13788440085783
1109,187.85278,166350,0.9973023,0.8800049,0.33855176,-19.481253,4199,629850,2365,1722.973795413971,-437.6037,-0.3122481,2.744804,97.69712577644216
1115,208.76756,167250,0.9973097,0.8852539,0.32875353,-18.203789,4226,633900,2379,1733.4249906539917,-487.9028,-0.29008928,3.394322,74.49515137807539
1121,204.1041,168150,0.9973147,0.88897705,0.3167584,-17.59656,4251,637650,2393,1743.4630289077759,-476.9656,-0.27075893,3.4951036,98.54295945918662
1128,195.93921,169200,0.99733186,0.87646484,0.3273258,-18.439728,4278,641700,2407,1753.8979787826538,-457.04227,-0.29478395,2.4475327,61.913429518656685
1133,203.6731,169950,0.99681926,0.86383057,0.43044508,-19.16146,4302,645300,2421,1763.9361617565155,-479.27777,-0.34012824,9.23465,100.65203555352245
1140,195.54315,171000,0.9972756,0.87316895,0.3607785,-18.372696,4329,649350,2435,1774.3955171108246,-466.25238,-0.3187557,3.1003745,61.52368257239537
1145,188.82635,171750,0.9972987,0.8760376,0.3400237,-20.898441,4353,652950,2449,1784.452669620514,-449.78333,-0.30821335,3.4435072,100.18001508472938
1151,182.55228,172650,0.9956989,0.8115845,1.339173,-17.246473,4383,657450,2463,1794.654981136322,-431.14313,-0.8172654,48.247456,60.95080598156323
1157,103.41157,173550,0.9969382,0.83758545,0.6811676,-11.97979,4403,660450,2477,1805.0668320655823,-238.44499,-0.6267626,14.037462,100.42257054558092
1162,108.360115,174300,0.9953637,0.80981445,1.3458216,-11.619861,4430,664500,2491,1815.3348178863525,-244.31226,-0.71408165,55.159225,73.43963602389482
1169,101.772705,175350,0.99714565,0.85235596,0.45361418,-14.162104,4453,667950,2505,1825.5721213817596,-247.35132,-0.42009294,3.547831,99.02345520389166
1175,115.28137,176250,0.99719024,0.8703003,0.37617284,-14.508701,4475,671250,2519,1835.7456061840057,-279.6706,-0.3576188,3.1153476,73.84236462416615
1181,109.831566,177150,0.9971957,0.8641968,0.41722953,-12.671385,4493,673950,2533,1846.0120780467987,-266.0025,-0.35536027,4.225926,99.06628556033887
1187,73.418686,178050,0.9968958,0.8225708,0.574319,-13.337824,4517,677550,2547,1856.1968367099762,-178.91826,-0.57875293,4.690467,75.78373321099622
1193,42.14792,178950,0.9965799,0.8171387,1.2608246,-11.22521,4534,680100,2561,1866.425618648529,-131.78912,-0.9473287,34.486584,99.62110976024321
1198,43.19737,179700,0.99684596,0.82684326,0.6066888,-12.427706,4554,683100,2575,1876.626797914505,-125.77066,-0.6006429,4.494302,74.10069019926975
1205,44.479767,180750,0.99683404,0.8392334,1.1873279,-14.31912,4575,686250,2589,1886.82608127594,-141.92657,-0.85582566,31.123112,101.67374236079942
1211,39.67296,181650,0.99701023,0.842041,0.51184726,-18.315266,4596,689400,2603,1897.0233483314514,-148.75204,-0.44874576,3.0567074,74.7075979057918
1217,35.861954,182550,0.99710417,0.85302734,0.5251479,-17.023685,4610,691500,2617,1907.277824640274,-151.72995,-0.4960441,2.6557064,95.07733611774431
1222,32.468727,183300,0.99684024,0.8390503,0.57712305,-13.492795,4625,693750,2631,1917.4443583488464,-136.66876,-0.47173762,6.0612316,74.58846471145107
1229,37.200455,184350,0.99704957,0.8463135,0.50228596,-11.116196,4647,697050,2645,1927.7008204460144,-151.85532,-0.4653026,3.2418706,93.2967156178023
1234,33.87626,185100,0.99674106,0.8474121,0.6079705,-6.070896,4669,700350,2659,1937.9202437400818,-135.78586,-0.40605026,11.941875,75.03789304431348
1240,25.01654,186000,0.9945915,0.72436523,11.581802,-13.737162,4687,703050,2673,1948.2158207893372,-77.127075,-11.16174,17.325314,74.65714978629293
1246,29.957851,186900,0.9969101,0.8288574,0.6609896,-2.4702308,4707,706050,2687,1958.2946717739105,-107.52105,-0.6150485,10.058931,98.44996842241927
1253,28.58588,187950,0.9970319,0.84661865,0.59131134,-5.204904,4722,708300,2701,1968.840500831604,-107.96423,-0.5090702,7.1124372,94.03923132031649
1257,26.949755,188550,0.99699044,0.84472656,0.51584655,-4.504507,4744,711600,2715,1978.9020431041718,-105.63515,-0.45432258,2.5418434,74.41186795689339
1264,26.413626,189600,0.9970491,0.840271,0.5028149,-2.6272852,4764,714600,2729,1989.373215675354,-104.85018,-0.4625728,3.0028262,74.96565858993253
1269,35.648617,190350,0.9966886,0.8533325,0.8974153,-2.607979,4781,717150,2743,1999.4012351036072,-128.60388,-0.628026,25.87484,75.8395938879779
1276,30.37696,191400,0.9971576,0.85131836,0.47315478,-2.0071452,4798,719700,2757,2009.7937173843384,-115.31099,-0.42806906,3.1825566,75.66762958202257
1283,20.288784,192450,0.99656034,0.81481934,3.390215,0.054614365,4819,722850,2772,2020.6005198955536,-76.01763,-3.0704787,17.533184,61.69653542945138
1289,24.5677,193350,0.99662375,0.83026123,1.2468643,-5.3418484,4839,725850,2786,2030.8493113517761,-91.95817,-0.86094266,33.74957,100.20933518544304
1295,27.64862,194250,0.99711704,0.8609619,0.44358635,-9.603857,4861,729150,2800,2041.0647885799408,-103.07448,-0.40701997,2.996339,75.95699998160748
1301,26.924046,195150,0.9969399,0.85131836,0.75427634,-10.281378,4877,731550,2814,2051.3947830200195,-105.43352,-0.58944976,17.197754,97.977190097727
1306,27.672169,195900,0.9971523,0.8609009,0.45118082,-12.026397,4896,734400,2828,2061.58917927742,-106.52326,-0.40344965,3.1992297,76.65979256612462
1313,30.782482,196950,0.99710655,0.85717773,0.45659634,-7.2959886,4911,736650,2842,2071.850108861923,-117.026115,-0.4225966,2.6789565,98.37979038783418
1319,27.197605,197850,0.9971194,0.8464966,0.47051758,-10.747123,4930,739500,2856,2082.0372216701508,-110.218155,-0.43205595,2.4872851,61.415002362243456
1325,23.381979,198750,0.9965551,0.8074951,1.5827186,-3.5299103,4944,741600,2870,2092.362420320511,-89.003044,-1.4348674,11.241903,95.54529295143993
1331,27.873177,199650,0.99707127,0.85821533,0.47614974,-6.3102865,4966,744900,2884,2102.557946920395,-105.543015,-0.43444625,3.1670954,61.74808086365966
1337,30.492907,200550,0.99717474,0.86065674,0.43868408,-5.191327,4984,747600,2898,2113.0175614356995,-117.555954,-0.40348974,3.1302457,97.2124837080143
1343,29.295029,201450,0.9971154,0.85809326,0.4708914,-8.572602,5005,750750,2912,2123.1964871883392,-117.57808,-0.42805824,3.71041,61.74265545754603
1349,30.736408,202350,0.9971671,0.8600464,0.450546,-9.670481,5020,753000,2926,2133.4702405929565,-123.6368,-0.4220549,3.1734324,96.51466153140339
1354,30.737833,203100,0.9971545,0.8534546,0.46282077,-13.229206,5039,755850,2940,2143.491239309311,-118.74652,-0.43065205,3.1744444,98.07093786397267
1361,35.21855,204150,0.9972522,0.8665161,0.407683,-9.244526,5057,758550,2954,2153.9554784297943,-135.43231,-0.40217698,2.5702314,75.9056236545427
1366,36.145294,204900,0.9971082,0.86157227,0.4397752,-12.289981,5074,761100,2968,2163.9780271053314,-131.67816,-0.40130037,4.719008,74.33875384383613
1372,33.913223,205800,0.9971931,0.87127686,0.44309804,-12.119497,5089,763350,2982,2174.369119644165,-130.24805,-0.41863042,3.2839394,73.96572731027638
1378,34.703613,206700,0.9971781,0.8554077,0.44827205,-12.186127,5106,765900,2996,2184.4046931266785,-130.58293,-0.42496002,3.026471,99.81105927041952
1385,36.841743,207750,0.99721336,0.8696289,0.4157102,-12.285191,5121,768150,3010,2194.807496547699,-139.82997,-0.40380242,2.9475698,93.7348930938311
1390,36.91272,208500,0.997221,0.8684082,0.42797232,-12.115456,5141,771150,3025,2205.4192504882812,-138.92747,-0.3916824,3.0660582,100.69677767857813
1397,40.10501,209550,0.99722505,0.86505127,0.4127409,-11.053344,5155,773250,3039,2215.795925617218,-147.1659,-0.3867119,3.78229,101.70560041949913
1402,34.823826,210300,0.9972155,0.8607788,0.4463482,-13.387131,5174,776100,3054,2226.3773918151855,-136.15936,-0.42575148,2.8670037,100.58701332377059
1409,39.797962,211350,0.99723506,0.87054443,0.43165517,-12.669573,5190,778500,3068,2236.841502904892,-144.8949,-0.40671247,2.9066281,100.91835452627083
1414,41.462494,212100,0.99721503,0.8722534,0.40291357,-13.52366,5207,781050,3082,2246.8728070259094,-150.9117,-0.33738887,3.2661972,101.29242324074829
1421,38.848343,213150,0.9972136,0.8675537,0.39932635,-13.273001,5225,783750,3096,2257.2836906909943,-148.74896,-0.38641366,2.8386514,101.1350403959268
1426,42.27137,213900,0.9973047,0.8796997,0.39050466,-12.89481,5242,786300,3110,2267.3071897029877,-154.32977,-0.37788096,2.9580967,99.5485144049999
1433,41.792065,214950,0.9972656,0.8720093,0.40079087,-10.628899,5260,789000,3124,2277.7456362247467,-150.78963,-0.3940478,3.0716722,100.54082470790269
1438,44.101944,215700,0.9972658,0.88446045,0.36747098,-9.302307,5279,791850,3138,2287.7557265758514,-153.1713,-0.33186343,2.7277882,101.37386342393717
1445,41.82328,216750,0.9972868,0.8754883,0.37998456,-12.286176,5295,794250,3152,2298.1958899497986,-150.499,-0.35512388,2.6299582,99.3918628662323
1450,43.763172,217500,0.99728036,0.87231445,0.39699483,-8.54421,5311,796650,3166,2308.2641978263855,-155.9396,-0.38052595,2.735672,99.78308446615294
1457,45.423317,218550,0.99721646,0.88116455,0.38331354,-11.622303,5330,799500,3180,2318.7189304828644,-158.72876,-0.3640803,4.5456343,99.4003646667269
1463,45.404007,219450,0.99723005,0.8649292,0.40979868,-13.58736,5348,802200,3194,2328.9524059295654,-160.77539,-0.3678345,3.4016094,74.16347958701593
1469,45.486176,220350,0.99724984,0.8724365,0.40099183,-14.059581,5365,804750,3208,2339.2184019088745,-160.49274,-0.36650842,2.588017,97.58372442855263
1476,41.407127,221400,0.9968691,0.84906006,3.3552456,-13.946989,5383,807450,3223,2350.229253768921,-142.38078,-3.004984,43.48524,62.72193505725775
1481,31.74934,222150,0.9970486,0.85723877,0.5569715,-14.583853,5401,810150,3237,2360.2661769390106,-111.414505,-0.45227736,3.4717245,100.97005565032264
1487,38.36563,223050,0.99718523,0.859375,0.44076335,-16.332363,5418,812700,3251,2370.4471442699432,-128.73282,-0.3966688,2.7090576,97.16976363427729
1493,39.3124,223950,0.99731255,0.88604736,0.36009234,-17.465088,5438,815700,3265,2380.6739399433136,-141.49394,-0.33428878,2.6766071,102.14528361549587
1499,42.932076,224850,0.9971647,0.85583496,6.2250376,-18.215992,5455,818250,3279,2390.869540452957,-132.27658,-6.120752,12.261995,98.6807987530512
1505,40.627144,225750,0.9972112,0.8778076,0.74586666,-16.729458,5471,820650,3293,2401.125476360321,-144.90585,-0.57191724,17.12502,101.72336793264711
1510,41.742832,226500,0.9972875,0.86816406,0.4428839,-16.990059,5491,823650,3307,2411.5773446559906,-146.47058,-0.3882053,4.9563403,73.72299633960391
1517,41.554325,227550,0.99726224,0.87402344,0.41633075,-14.926006,5511,826650,3321,2421.9217205047607,-144.84225,-0.36149192,2.793923,97.96292352237485
1523,45.41046,228450,0.9972558,0.868103,0.4109989,-12.871024,5527,829050,3335,2432.195954322815,-150.85645,-0.38472864,2.863474,97.28234536904424
1529,42.089306,229350,0.99728775,0.8741455,0.40383655,-11.89588,5543,831450,3349,2442.457934856415,-142.5149,-0.35527757,2.557815,96.61136696385255
1535,41.9302,230250,0.9973092,0.8654785,0.41118827,-9.675825,5560,834000,3363,2452.7182519435883,-149.80125,-0.38952935,2.5477805,75.35032458956479
1541,41.33728,231150,0.997246,0.8670654,1.3648624,-9.608186,5578,836700,3377,2463.0615332126617,-143.7981,-1.2436247,12.024756,98.86684829147578
1547,40.891335,232050,0.9973409,0.875,0.4070876,-9.770987,5594,839100,3391,2473.3387384414673,-148.30722,-0.3306809,3.2979224,72.52493552914731
1553,41.0111,232950,0.9970794,0.8499756,0.490111,-10.112959,5614,842100,3405,2483.6567714214325,-148.4956,-0.38302428,4.8534217,95.06353116496231
1558,44.895992,233700,0.9973452,0.89208984,0.35204238,-11.545412,5630,844500,3419,2493.8719992637634,-155.67702,-0.3176353,3.0903678,75.76304990104688
1565,43.07212,234750,0.99717,0.854187,0.44315737,-10.064289,5648,847200,3433,2504.1415786743164,-155.78705,-0.43343946,3.2631202,96.10725929278124
1570,39.670532,235500,0.9972408,0.8676758,0.41426188,-10.662637,5669,850350,3447,2514.148187637329,-149.94443,-0.3984179,3.1302755,99.72881209843464
1577,40.50759,236550,0.99729013,0.8718262,0.39920574,-12.906815,5687,853050,3461,2524.723329782486,-146.55293,-0.37726766,2.7029636,96.96029740195895
1582,39.02782,237300,0.9973309,0.8695679,0.44357672,-10.494055,5706,855900,3475,2534.774806499481,-144.9847,-0.4046439,2.6586535,101.02477527402738
1589,43.137367,238350,0.9973316,0.8773804,0.3962194,-11.225359,5725,858750,3489,2545.2906289100647,-160.08913,-0.35905546,3.1013536,98.98420223149657
1594,42.203667,239100,0.9973295,0.87957764,0.38378254,-11.09449,5742,861300,3503,2555.322526693344,-156.66492,-0.35525095,3.2749636,97.90368483554062
1601,43.82495,240150,0.99734926,0.8822632,0.3838744,-9.117728,5764,864600,3517,2565.7945959568024,-162.37762,-0.30629653,5.4848986,102.06395796919551
1607,40.936157,241050,0.9973297,0.87561035,0.37442172,-12.683042,5784,867600,3531,2576.0206882953644,-156.69148,-0.34278134,2.6690564,60.02838135528597
1613,41.451996,241950,0.9972966,0.8772583,0.4518401,-8.704305,5807,871050,3545,2586.2807335853577,-160.43567,-0.3524329,7.053932,101.16194853481524
1618,40.140575,242700,0.9973638,0.8810425,0.42034954,-10.901722,5827,874050,3559,2596.337609052658,-156.17471,-0.3880794,2.9562993,74.6423275097392
1625,41.274334,243750,0.9973624,0.8901367,0.33615142,-13.385694,5844,876600,3573,2606.887269973755,-158.71677,-0.30202854,2.0813413,95.73359049124389
1629,40.030693,244350,0.9973576,0.8811035,0.38119516,-13.561592,5865,879750,3587,2616.9101634025574,-156.41492,-0.37603977,2.1857567,76.6547357317233
1636,39.123474,245400,0.9972384,0.8666992,0.42402187,-11.5229435,5882,882300,3601,2627.376767396927,-154.15071,-0.39870557,3.1066947,76.07931950312368
1642,40.12731,246300,0.9974053,0.87976074,0.36815014,-14.074129,5901,885150,3615,2637.43349981308,-161.58047,-0.34650263,2.3049836,97.37618044861854
1648,39.795532,247200,0.9973371,0.8730469,0.4056853,-14.657579,5919,887850,3629,2647.8981564044952,-161.92236,-0.407956,2.2992587,76.69886869825153
1654,38.282394,248100,0.9974115,0.87945557,0.3969493,-15.691534,5941,891150,3643,2657.9603340625763,-162.75554,-0.32958955,3.0160873,99.82553515261546
1661,36.787014,249150,0.9973612,0.87091064,0.4206305,-15.704072,5961,894150,3657,2668.480213403702,-162.11887,-0.37266368,2.5080264,74.17796879244325
1666,36.3489,249900,0.9973445,0.8727417,0.41575664,-13.168186,5977,896550,3671,2678.5566971302032,-153.02853,-0.36874008,2.6606958,97.9719335075962
1672,39.530434,250800,0.9972913,0.87957764,0.40742022,-13.02978,5996,899400,3685,2688.7809476852417,-158.21375,-0.3682049,3.9861841,101.54662470162324
1678,36.64756,251700,0.99733925,0.87268066,0.40896672,-12.992176,6016,902400,3699,2698.971465587616,-152.24887,-0.36232218,3.3722165,98.19165254403134
1684,38.35955,252600,0.9973757,0.88653564,0.36781818,-13.603237,6036,905400,3713,2709.5780313014984,-168.31686,-0.34565955,3.291986,75.79218517504158
1689,37.627876,253350,0.99740505,0.8919678,0.34780055,-14.927055,6058,908700,3727,2719.5949668884277,-162.52357,-0.33410972,2.5453045,74.96756377545321
1697,37.947514,254550,0.9973707,0.8796997,0.37837535,-13.204224,6079,911850,3741,2730.0779361724854,-162.59714,-0.3390637,2.5549371,76.79860109969997
1702,38.319824,255300,0.997345,0.883728,0.37431255,-12.941876,6098,914700,3755,2740.1178452968597,-161.7539,-0.3375739,2.8961315,75.71526696542605
1708,35.702312,256200,0.9973879,0.88031006,0.36574054,-13.431131,6117,917550,3769,2750.3667454719543,-159.29515,-0.34747553,2.548439,100.29346385204558
1714,38.0673,257100,0.9973788,0.87957764,0.39130646,-12.75979,6135,920250,3783,2760.6328344345093,-161.18584,-0.3435415,3.0301082,74.56917433048004
1720,39.38978,258000,0.99742985,0.8937378,0.35838014,-12.461968,6156,923400,3797,2770.8601257801056,-160.82858,-0.3335211,3.4666042,97.70210399386494
1725,36.674866,258750,0.99739456,0.8878784,0.35240972,-14.349452,6174,926100,3811,2781.1239519119263,-159.18842,-0.3445352,2.4502258,75.38481645912837
1732,38.93614,259800,0.9974749,0.8956909,0.32407445,-11.84804,6194,929100,3825,2791.5805814266205,-161.9426,-0.29377997,2.3569505,75.02927292429892
1737,38.32218,260550,0.9974377,0.8829956,0.36487448,-12.669834,6214,932100,3839,2801.6018800735474,-160.13873,-0.29435423,2.6784987,76.2116610017046
1745,41.245316,261750,0.9973805,0.88134766,0.3623606,-13.70597,6234,935100,3853,2812.103076696396,-168.88431,-0.3146403,3.0703688,62.23212158235104
1749,36.051674,262350,0.9973817,0.88183594,0.41795915,-12.962011,6258,938700,3868,2822.78035569191,-159.26566,-0.36585903,2.893981,76.96500217904902
1756,37.764427,263400,0.997422,0.8847656,0.349432,-15.653585,6274,941100,3882,2833.289785385132,-160.17398,-0.3126961,2.5136576,72.76996721446575
1762,37.06745,264300,0.997385,0.8835449,0.37001473,-16.493279,6295,944250,3896,2843.3674771785736,-155.1762,-0.36269146,2.7119164,99.20757366778575
1768,38.0755,265200,0.9973626,0.8845825,0.38117838,-13.170144,6314,947100,3910,2853.8401873111725,-161.04384,-0.37744462,3.3697913,74.5557743235943
1774,38.10837,266100,0.9973576,0.8726196,0.3832719,-13.423645,6331,949650,3924,2863.843193054199,-163.18216,-0.34500766,2.8871732,100.58678717500501
1780,35.748375,267000,0.9973943,0.8847656,0.38763118,-13.113211,6353,952950,3938,2874.128713130951,-159.27774,-0.3770569,2.565472,98.53105924516971
1786,36.78805,267900,0.9973624,0.86938477,0.4051327,-13.948545,6369,955350,3952,2884.4174089431763,-157.2228,-0.39087552,2.308711,96.53555628279312
1792,35.919136,268800,0.9973364,0.8699951,0.43636817,-12.851486,6392,958800,3966,2894.7113196849823,-154.48547,-0.42817044,2.6837146,100.68578668760134
1798,38.376186,269700,0.9974303,0.8786621,0.37723213,-14.1126,6412,961800,3980,2904.979135990143,-163.09259,-0.3505343,2.3467376,101.3610783333818
1804,37.709305,270600,0.9974351,0.88500977,0.36188555,-14.301197,6434,965100,3994,2915.281110525131,-158.36864,-0.3023861,2.3891807,97.99736347437273
1810,40.13989,271500,0.99741626,0.888916,0.37239167,-13.228603,6452,967800,4008,2925.520840406418,-159.19347,-0.3519719,2.6024475,98.46788074781686
1816,36.859016,272400,0.99736714,0.8753052,0.41447726,-14.485945,6470,970500,4022,2935.7491376399994,-158.5513,-0.39121836,2.4259796,96.84066799690757
1822,36.692413,273300,0.9973593,0.87249756,0.39840335,-14.95542,6492,973800,4036,2946.0470197200775,-154.48126,-0.39718527,2.6191385,100.56255745806638
1828,39.269226,274200,0.9973414,0.8793335,0.3840229,-13.235392,6514,977100,4050,2956.4023094177246,-154.54538,-0.37505955,2.9978426,96.6136619011662
1834,38.454857,275100,0.9974036,0.8869629,0.36660355,-14.74964,6532,979800,4064,2966.6522736549377,-165.6051,-0.32410556,2.4450173,97.42067324616956
1840,38.537724,276000,0.9973624,0.8763428,0.4356285,-15.996799,6552,982800,4078,2976.8894329071045,-161.80371,-0.3564368,2.92235,100.4888849790083
1846,39.43946,276900,0.9974246,0.8800659,0.3794384,-13.58396,6573,985950,4092,2987.1585264205933,-160.59113,-0.34346503,2.8659,94.5303112045177
1852,38.108288,277800,0.99741197,0.8985596,0.35300383,-16.208601,6593,988950,4106,2997.440953016281,-159.16278,-0.32717913,3.668477,100.22504944317852
1858,36.745617,278700,0.9973881,0.87615967,0.42118472,-15.972163,6613,991950,4120,3007.7927227020264,-154.76099,-0.40719238,3.075084,96.72293655863882
1864,39.39154,279600,0.99745107,0.8897095,0.36285132,-14.700129,6632,994800,4134,3018.0169734954834,-163.30618,-0.30767262,2.5405312,102.6152954578469
1870,38.08143,280500,0.9974117,0.8890991,0.36207443,-16.245792,6654,998100,4148,3028.221096277237,-154.6344,-0.35883626,2.4528022,95.05898650900197
1876,41.7716,281400,0.99740887,0.87719727,0.39547658,-16.511297,6673,1000950,4162,3038.4462275505066,-158.60443,-0.36456364,2.856276,99.00983180879315
1882,38.942207,282300,0.997411,0.88079834,0.38616115,-16.370134,6696,1004400,4176,3048.5472643375397,-159.11461,-0.38819003,2.4307284,62.07233061220809
1888,40.020386,283200,0.99738,0.88323975,0.3866285,-16.464327,6714,1007100,4190,3058.8089764118195,-158.42946,-0.35586855,2.252923,95.76682217800786
1894,40.444542,284100,0.99741435,0.880249,0.40545842,-15.475658,6736,1010400,4204,3068.977570772171,-157.61572,-0.33965957,2.4464755,77.37872285472478
1899,41.71122,284850,0.99744105,0.8881836,0.35254392,-14.852976,6753,1012950,4218,3079.167323112488,-165.50903,-0.33383173,2.492559,75.4423377965091
1906,41.02104,285900,0.9973767,0.89190674,0.3697601,-15.773415,6777,1016550,4232,3089.3571372032166,-163.99417,-0.31661552,4.1667776,62.76406843559712
1911,43.028656,286650,0.99745846,0.8933716,0.3520271,-16.473387,6792,1018800,4246,3099.5533390045166,-165.75476,-0.3593583,2.4221754,75.75746926710379
1918,37.659378,287700,0.9973569,0.8870239,0.38073322,-16.352999,6813,1021950,4260,3109.6863174438477,-158.24225,-0.34117234,2.7070546,61.89746853422911
1923,39.035954,288450,0.9974866,0.8937378,0.36747375,-16.270735,6830,1024500,4274,3119.9347128868103,-163.79868,-0.2927606,2.7700272,75.76707017745895
1930,37.664608,289500,0.99742484,0.8805542,0.38454735,-16.815674,6855,1028250,4288,3130.131110906601,-155.59673,-0.379336,2.2889452,63.84341687455451
1935,38.672997,290250,0.99747753,0.8881836,0.33820713,-15.057755,6869,1030350,4302,3140.415421962738,-159.04291,-0.3120163,2.3468788,74.83599894395931
1940,37.75402,291000,0.9974222,0.8843384,0.3599795,-15.736566,6892,1033800,4316,3150.4602518081665,-154.74481,-0.34850714,2.4830647,76.25285903350621
1947,39.265453,292050,0.99742746,0.87976074,0.37935793,-16.151669,6911,1036650,4330,3160.9789049625397,-162.5922,-0.34737623,2.2140145,73.30947066574723
1953,39.172623,292950,0.9974158,0.8789673,0.38905138,-16.278513,6931,1039650,4345,3171.7769672870636,-164.03714,-0.3881454,2.8027906,74.71312890320361
1960,40.705578,294000,0.9974823,0.88983154,0.34490052,-15.781593,6948,1042200,4359,3181.9446058273315,-169.95215,-0.333417,2.3984077,99.64943770839535
1965,41.600098,294750,0.9974265,0.8878174,0.35268348,-16.855,6967,1045050,4373,3192.167590379715,-161.08394,-0.3091889,2.4259367,73.90329252945762
1972,35.190056,295800,0.99742055,0.8843994,0.36300054,-15.609339,6989,1048350,4387,3202.355767250061,-161.36731,-0.34751347,3.100829,99.41151858442474
1978,37.14177,296700,0.99739933,0.88238525,0.38203678,-17.476894,7010,1051500,4401,3212.590912103653,-155.49017,-0.30950582,2.9071064,59.942337906868524
1984,38.88997,297600,0.99742436,0.8914795,0.3724384,-16.83977,7029,1054350,4415,3222.8886704444885,-159.68515,-0.3674154,3.5590992,97.756541885731
1989,37.989273,298350,0.9974389,0.8876953,0.35443872,-16.837507,7051,1057650,4429,3232.88983297348,-165.09145,-0.30742276,2.33627,76.52866224242698
1996,41.414474,299400,0.99750376,0.9008789,0.3056906,-16.123219,7066,1059900,4443,3243.4376516342163,-167.05807,-0.28621435,2.4460213,99.37217813256808
2000,35.675514,300000,0.9974096,0.8745117,0.39744142,-15.578676,7089,1063350,4457,3253.4461188316345,-158.22324,-0.3579052,2.2966247,75.52218663557649
2008,37.382034,301200,0.99742484,0.88720703,0.37949795,-15.459918,7104,1065600,4471,3263.932299375534,-152.8752,-0.33181155,2.8177767,97.96556913981242
2014,36.830173,302100,0.99744105,0.88183594,0.38976938,-16.465069,7126,1068900,4486,3274.789343357086,-160.64783,-0.33514613,2.7183745,74.23068590989574
2020,38.621727,303000,0.9974401,0.88513184,0.36681238,-15.090377,7145,1071750,4500,3285.097299337387,-160.01118,-0.33290443,2.4841566,97.67672038783161
2026,34.446842,303900,0.99747896,0.8955078,0.33723843,-16.269281,7164,1074600,4514,3295.383350133896,-156.36588,-0.28550285,2.7391186,97.32784637284114
2032,35.436623,304800,0.99751925,0.8897705,0.35533094,-15.67253,7183,1077450,4528,3305.6803991794586,-153.80348,-0.32401615,2.2229142,96.00925916322029
2038,38.651054,305700,0.9974358,0.888916,0.38403916,-14.901096,7204,1080600,4542,3316.0616624355316,-161.88742,-0.36348054,2.8570967,73.92965052198346
2044,35.874428,306600,0.99737287,0.8748169,0.41543618,-16.210875,7220,1083000,4556,3326.3086936473846,-151.57945,-0.3956212,2.7117977,100.29267694891989
2050,39.010136,307500,0.9974749,0.88708496,0.35879302,-16.435326,7242,1086300,4570,3336.4901628494263,-155.28754,-0.32014093,2.4028563,60.59370739362288
2056,36.688988,308400,0.9974694,0.8890991,0.35780042,-17.691673,7258,1088700,4584,3346.8011503219604,-159.41751,-0.32069921,2.1681795,99.74967624654833
2061,37.015217,309150,0.99748087,0.89538574,0.33061472,-18.401682,7274,1091100,4598,3357.0882771015167,-159.80402,-0.30844587,2.3272212,74.01249002590095
2068,37.677834,310200,0.99750924,0.89367676,0.3620122,-15.929342,7295,1094250,4612,3367.3704068660736,-153.87436,-0.34553152,2.3875709,99.14264609420705
2074,38.248802,311100,0.99747014,0.88427734,0.37295127,-16.038214,7314,1097100,4626,3377.592934846878,-154.69598,-0.35316098,2.0270832,94.58310392443371
2080,36.786453,312000,0.99750304,0.89837646,0.34636223,-16.390747,7332,1099800,4640,3387.8312323093414,-163.90149,-0.34371954,3.6599941,97.51176452638936
2086,37.416252,312900,0.9974215,0.88409424,0.39320752,-17.492678,7355,1103250,4654,3398.045158147812,-155.13123,-0.35220772,2.6060703,61.287949102104015
2092,35.41974,313800,0.99746704,0.89556885,0.3579851,-17.192986,7374,1106100,4668,3408.2936646938324,-152.10068,-0.30163988,3.3772433,97.71540543442848
2098,35.6961,314700,0.9974203,0.88446045,0.40707743,-15.826466,7391,1108650,4682,3418.486611366272,-149.92831,-0.3718561,2.2490067,61.54496809094796
2104,36.181824,315600,0.99741316,0.87579346,0.4126463,-17.443058,7411,1111650,4696,3428.713945388794,-147.32791,-0.36372438,2.4256563,99.38476074539092
2110,35.110832,316500,0.9974041,0.8711548,0.43745938,-15.585568,7431,1114650,4710,3438.82271361351,-149.8811,-0.42973542,2.281517,61.70114433149641
2116,35.729614,317400,0.997493,0.89294434,0.3288566,-17.033907,7449,1117350,4724,3449.055520296097,-154.37642,-0.28369457,2.1653042,98.3259168852823
2121,36.755104,318150,0.99745417,0.88623047,0.35303158,-16.720184,7471,1120650,4739,3459.902157306671,-152.58817,-0.3137926,2.25041,74.51734075965447
2128,35.94449,319200,0.9974606,0.88482666,0.39785188,-15.699504,7489,1123350,4753,3470.123238325119,-148.91916,-0.36890662,3.1453729,99.99540171310773
2133,36.845627,319950,0.9974742,0.89245605,0.36780745,-16.946579,7508,1126200,4767,3480.380683898926,-151.6469,-0.34930325,2.4536324,74.63336226708653
2140,36.25365,321000,0.997442,0.87524414,0.4055688,-17.079956,7525,1128750,4781,3490.618499279022,-149.97775,-0.3936291,2.159026,99.77273702094318
2145,37.576065,321750,0.99745274,0.88812256,0.35855755,-15.874464,7544,1131600,4795,3500.922553062439,-151.78476,-0.33474833,2.3914208,73.79553255110504
2152,37.47458,322800,0.997452,0.8861084,0.37460354,-15.719323,7561,1134150,4809,3511.222601890564,-153.13113,-0.36392987,2.249197,97.93815460582363
2157,34.039,323550,0.99745584,0.8809204,0.3943237,-15.957419,7582,1137300,4823,3521.279572248459,-148.06306,-0.3726753,2.4176178,100.48670317999905
2164,35.728302,324600,0.9975023,0.89141846,0.37284186,-15.426838,7597,1139550,4837,3531.7515482902527,-145.54053,-0.37055135,2.7700815,97.26852713447953
2169,39.122707,325350,0.9974382,0.87945557,0.38463426,-16.970362,7620,1143000,4851,3541.770472049713,-161.71783,-0.33471692,2.4045506,99.69743966668908
2176,39.222305,326400,0.99741626,0.88067627,0.38891852,-15.653792,7638,1145700,4865,3552.241944551468,-159.19962,-0.3303189,2.4963043,101.28669025685839
2181,39.385498,327150,0.99746156,0.8800659,0.40716016,-17.720608,7663,1149450,4880,3562.849366426468,-156.97964,-0.35379004,3.069059,102.10619695905223
2188,39.564377,328200,0.99749327,0.8882446,0.3693878,-18.116432,7679,1151850,4894,3573.300076007843,-159.50294,-0.3702637,2.3262887,99.04212497730892
2193,33.517056,328950,0.9974463,0.8713989,0.43069237,-18.448526,7703,1155450,4909,3584.116111278534,-136.54938,-0.41707638,2.1365743,74.35955241683716
2200,35.24365,330000,0.99742556,0.8786011,0.4022202,-18.38466,7724,1158600,4923,3594.3381776809692,-147.64703,-0.37185538,2.1678495,100.60035790108813
2206,35.261513,330900,0.99747133,0.88586426,0.40188247,-17.582157,7745,1161750,4937,3604.6432688236237,-147.95906,-0.38199884,2.6453967,74.91507053617202
2213,35.964935,331950,0.99745107,0.8852539,0.40547565,-18.728973,7765,1164750,4951,3615.2143359184265,-142.1423,-0.39509064,2.4479585,76.9088160701004
2220,36.569527,333000,0.99749374,0.8897095,0.37138397,-17.684599,7787,1168050,4966,3626.2527253627777,-148.16338,-0.3691482,2.4512234,52.54323547241267
2224,35.398453,333600,0.99753547,0.8933716,0.37009898,-17.797657,7806,1170900,4980,3636.2777757644653,-146.65988,-0.34831184,2.2647433,75.8844876296919
2232,38.704895,334800,0.99752307,0.8946533,0.36507362,-18.001612,7829,1174350,4994,3646.694792032242,-144.35208,-0.33371937,2.8426557,51.054438448728256
2236,36.83203,335400,0.9974623,0.8843384,0.36738145,-17.247532,7848,1177200,5008,3656.7042286396027,-146.36426,-0.3446135,2.4341452,77.49123676594762
2244,36.657898,336600,0.9974592,0.8850708,0.37281898,-16.969841,7869,1180350,5022,3667.0904347896576,-148.94525,-0.3623546,2.2413025,62.34235459474925
2249,38.153614,337350,0.9975023,0.8883667,0.35673392,-18.35461,7889,1183350,5036,3677.1908633708954,-157.6172,-0.32423043,2.2074409,75.44515785601041
2254,34.906895,338100,0.99749446,0.8915405,0.36224717,-16.913563,7909,1186350,5050,3687.2781381607056,-141.7579,-0.324125,2.1333914,97.81075535710967
2261,34.982468,339150,0.99749637,0.8880615,0.37466627,-18.600746,7929,1189350,5064,3697.710810661316,-143.25247,-0.34819078,2.5182903,74.89991579057804
2267,36.07901,340050,0.9975023,0.8859863,0.37312755,-16.961018,7949,1192350,5078,3707.900925397873,-147.9736,-0.35313112,2.4536505,61.55678092303713
2273,37.848305,340950,0.99745464,0.89385986,0.3612943,-18.361876,7968,1195200,5092,3718.166470527649,-149.04608,-0.30405143,2.1509447,75.95732237700302
2279,37.308933,341850,0.9975023,0.8881836,0.36914927,-16.2956,7990,1198500,5107,3729.0044100284576,-145.49045,-0.36998332,2.4746938,75.32383173688854
2285,37.829445,342750,0.99741673,0.8701172,0.43391684,-18.87244,8008,1201200,5121,3739.2112243175507,-143.9328,-0.40656087,2.6015177,99.52031759248995
2292,38.108444,343800,0.99752855,0.89624023,0.34254292,-17.71548,8029,1204350,5135,3749.5972921848297,-151.2961,-0.30718893,2.3802407,59.97378303261035
2297,36.6071,344550,0.9974947,0.8851929,0.37296063,-19.008835,8049,1207350,5149,3759.6499898433685,-144.36867,-0.37092608,2.0701718,75.75310796468068
2304,39.645485,345600,0.997473,0.8842163,0.36784384,-17.346607,8067,1210050,5163,3770.1236271858215,-149.36035,-0.32185814,2.425425,61.46407974620794
2309,38.922695,346350,0.99751186,0.8915405,0.3637514,-15.526018,8086,1212900,5177,3780.1363842487335,-145.9011,-0.3245465,2.18664,77.55871855480154
2316,37.814255,347400,0.99744797,0.8812256,0.39592993,-17.157333,8105,1215750,5191,3790.5712637901306,-145.15742,-0.39413854,3.010024,61.45019231552841
2321,35.908653,348150,0.997447,0.8820801,0.39279184,-16.528612,8126,1218900,5205,3800.6153910160065,-136.63774,-0.36364728,2.526387,75.36060536556155
2326,39.010513,348900,0.9974799,0.8916626,0.36476153,-15.776922,8141,1221150,5219,3810.8340809345245,-145.76831,-0.36869055,2.2454028,74.2569493277093
2332,40.88974,349800,0.997473,0.8873291,0.35637712,-15.394419,8159,1223850,5233,3821.0634021759033,-150.92303,-0.3292433,2.187892,74.97229575401164
2338,36.316097,350700,0.99746156,0.8769531,0.42083687,-15.65908,8181,1227150,5247,3831.2722115516663,-138.11945,-0.37868252,2.6070673,72.98277301168604
2344,35.22134,351600,0.9975405,0.8834839,0.38509884,-17.40781,8199,1229850,5261,3841.5093400478363,-142.53534,-0.3424575,2.3445106,76.61918160743166
2350,36.974384,352500,0.9974637,0.8886719,0.38390732,-17.126564,8221,1233150,5275,3851.7523803710938,-145.14642,-0.36921668,2.3487923,73.54764800536574
2356,39.893597,353400,0.99754715,0.8951416,0.35293877,-15.814256,8240,1236000,5289,3861.7732875347137,-146.23758,-0.35274306,2.4275904,102.23822473289792
2362,38.11303,354300,0.99745727,0.8741455,0.41273296,-17.311954,8259,1238850,5303,3872.214135169983,-139.17847,-0.39506125,2.8496125,74.90340606430964
2368,37.781925,355200,0.99750876,0.8824463,0.38699177,-14.987782,8279,1241850,5317,3882.46821975708,-140.78064,-0.33686328,2.3694587,76.60713351082303
2373,36.275238,355950,0.99744725,0.883728,0.39009428,-15.613465,8300,1245000,5331,3892.5412797927856,-141.02878,-0.337093,2.6816845,71.83134387148705
2381,35.799934,357150,0.9974761,0.8866577,0.37742627,-14.091145,8318,1247700,5345,3903.03325176239,-140.72508,-0.34563965,2.4388673,74.4778722562455
2386,37.986202,357900,0.99747777,0.8754883,0.42750224,-17.00232,8342,1251300,5359,3913.320527791977,-140.20605,-0.406461,2.5105934,99.17737103841692
2393,35.53563,358950,0.9974406,0.8792114,0.3959595,-13.664217,8361,1254150,5373,3923.822956800461,-139.57263,-0.4027667,2.3160405,74.36880225248974
2398,37.5285,359700,0.9974687,0.8868408,0.38567305,-15.526694,8381,1257150,5387,3933.8389496803284,-140.6465,-0.38741934,2.396707,99.06869861074871
2404,36.24756,360600,0.9974899,0.8847046,0.38875628,-15.106438,8400,1260000,5401,3944.07421374321,-139.65805,-0.39321697,2.628345,100.13939173727849
2410,36.46529,361500,0.99748516,0.8875122,0.38617826,-16.057098,8421,1263150,5415,3954.3805096149445,-136.38034,-0.37340003,2.8251967,97.65422746209669
2417,32.649323,362550,0.99748874,0.8855591,0.40729198,-15.309446,8438,1265700,5429,3964.863794565201,-128.34753,-0.3650917,2.2950318,75.89090229545312
2422,37.059937,363300,0.9974868,0.88494873,0.38071,-17.41809,8457,1268550,5443,3974.9187536239624,-137.39143,-0.35206485,2.530314,74.39772024941563
2429,37.7097,364350,0.99740887,0.8862915,0.39386785,-15.771329,8475,1271250,5457,3985.2991511821747,-139.70706,-0.3477671,2.970933,77.25437160545843
2434,36.076164,365100,0.9974308,0.8770752,0.4051513,-14.861982,8496,1274400,5471,3995.383111476898,-135.09158,-0.3916698,2.6723585,74.03135050758831
2441,36.72006,366150,0.9974618,0.8798828,0.38640705,-16.115913,8513,1276950,5485,4005.868673801422,-139.04832,-0.3560648,2.3546705,75.16840118270986
2446,36.01196,366900,0.9974761,0.88616943,0.38775277,-15.615431,8534,1280100,5499,4015.942717075348,-136.96774,-0.37759668,2.537476,74.77427391625051
2452,37.12842,367800,0.99756384,0.8915405,0.35759956,-15.9513445,8551,1282650,5513,4026.2258796691895,-138.164,-0.30384707,2.0137746,101.81168085419489
2457,36.63433,368550,0.99750924,0.88360596,0.3889317,-15.380209,8572,1285800,5527,4036.2817890644073,-140.13312,-0.35269046,2.3685155,100.81829152092699
2464,36.56276,369600,0.9975369,0.8862915,0.41259676,-14.521826,8589,1288350,5541,4046.800260782242,-139.12341,-0.38852906,2.7752686,99.26656578610658
2470,35.792156,370500,0.9975164,0.88775635,0.40184766,-15.2659235,8613,1291950,5555,4057.055234193802,-133.95303,-0.39402974,2.2761545,74.85392473879877
2476,39.232285,371400,0.9974899,0.8875122,0.40678734,-15.549713,8631,1294650,5569,4067.3029747009277,-138.59683,-0.38778663,2.1921732,101.78577682358844
2482,36.78508,372300,0.9974792,0.8864746,0.39791775,-15.514566,8651,1297650,5583,4077.5764462947845,-136.11227,-0.39787987,2.4130185,74.67602868360268
2488,36.550636,373200,0.997473,0.87683105,0.43039,-18.058296,8668,1300200,5597,4087.7951431274414,-135.55731,-0.4239205,2.3513658,101.78701188786555
2494,37.25415,374100,0.9974756,0.87597656,0.41329044,-14.867407,8684,1302600,5611,4098.053579092026,-137.21024,-0.38039574,2.5678148,75.39320084719081
2500,36.008644,375000,0.99741316,0.88165283,0.38425022,-14.738546,8704,1305600,5625,4108.356292009354,-132.69623,-0.34673238,2.4547143,101.5737907636818
2507,37.660183,376050,0.99744153,0.8746338,0.417961,-16.157883,8723,1308450,5640,4119.385668754578,-136.94919,-0.3838942,2.2404206,60.063330250758135
2512,36.78389,376800,0.9975252,0.8953247,0.3701059,-15.797693,8746,1311900,5654,4129.425473451614,-136.37123,-0.34224916,2.3617306,100.45203281847864
2519,37.448017,377850,0.99744153,0.87457275,0.42126954,-16.180325,8764,1314600,5668,4139.852222442627,-135.86682,-0.39986044,2.3468945,61.18866208055458
2524,38.911907,378600,0.9974897,0.8829346,0.39441,-15.847648,8782,1317300,5682,4149.8779900074005,-140.9672,-0.39083853,2.2732286,102.00023862775362
2531,36.905685,379650,0.9974592,0.8859863,0.38555202,-17.021156,8799,1319850,5696,4160.265773534775,-133.17226,-0.33502978,2.3393598,61.552715780958145
2536,35.652294,380400,0.9974768,0.88446045,0.39490741,-15.024701,8817,1322550,5710,4170.303408622742,-136.01471,-0.3382834,2.5436535,101.3367802414849
2541,36.54255,381150,0.9974923,0.885376,0.40270817,-15.513574,8832,1324800,5724,4180.546064853668,-129.97989,-0.37830794,2.2891693,74.45896948417624
2548,36.874756,382200,0.9975321,0.88482666,0.39645076,-14.727608,8848,1327200,5738,4190.943779706955,-131.55896,-0.35329893,2.2535362,99.79235819386307
2553,35.854614,382950,0.99743843,0.885376,0.39391047,-14.31459,8868,1330200,5752,4201.187878847122,-131.66415,-0.34464943,2.448163,74.85173311576031
2560,36.8236,384000,0.9974351,0.8737793,0.428285,-14.293652,8889,1333350,5766,4211.558478593826,-131.67596,-0.38848305,2.54201,98.51258163188538
2565,34.506958,384750,0.99746084,0.8868408,0.39705253,-17.098618,8906,1335900,5780,4221.775675535202,-132.23059,-0.34962112,2.5681138,77.68755956393053
2572,36.134315,385800,0.99749184,0.881897,0.3955713,-16.578352,8924,1338600,5794,4232.126185894012,-130.44513,-0.36661074,2.520946,100.1033926987875
2577,33.998173,386550,0.99750924,0.88513184,0.41053385,-16.555683,8942,1341300,5808,4242.330461025238,-123.89775,-0.3800275,2.318843,75.65289377780772
2584,36.79235,387600,0.99748015,0.8873291,0.3863344,-12.98891,8959,1343850,5822,4252.63610959053,-134.98285,-0.35447887,2.1983733,102.37102382672141
2589,36.34853,388350,0.99748206,0.883667,0.38193884,-13.807616,8977,1346550,5836,4262.951069355011,-131.12445,-0.3508463,2.3785427,74.90466013430273
2596,36.69484,389400,0.9974935,0.8887329,0.38784313,-14.826515,8994,1349100,5850,4273.175728797913,-134.34692,-0.33678988,2.690318,100.2794887915863
2601,36.901142,390150,0.99754643,0.8956909,0.36744642,-15.023832,9013,1351950,5864,4283.3866086006165,-134.94012,-0.3144915,2.5030513,74.43675292314228
2608,33.339066,391200,0.99748516,0.8737793,0.43192482,-13.886841,9032,1354800,5878,4293.553946733475,-124.86908,-0.39455405,2.3436263,102.3656365355868
2613,34.710476,391950,0.99746037,0.87890625,0.44596,-14.534421,9054,1358100,5892,4303.728952884674,-124.28191,-0.39519387,2.5795608,74.22775065424612
2620,35.385704,393000,0.9974692,0.87615967,0.40933967,-12.359169,9072,1360800,5906,4313.978979349136,-130.25636,-0.39928174,2.4659579,101.28091970849738
2625,34.515934,393750,0.9974351,0.87438965,0.41480803,-15.999985,9091,1363650,5920,4324.029594659805,-131.99828,-0.4111355,2.485332,99.29208472150658
2632,34.95978,394800,0.99752927,0.890625,0.38238972,-14.693429,9108,1366200,5934,4334.50016784668,-131.70026,-0.33254564,2.2830834,102.27869854973179
2637,31.952503,395550,0.9974842,0.87805176,0.42469525,-13.871702,9129,1369350,5948,4344.746725797653,-119.10388,-0.37076187,2.498723,74.80273690581618
2644,33.91254,396600,0.997447,0.8777466,0.4237258,-15.064429,9147,1372050,5962,4355.018482685089,-120.416435,-0.38974237,2.6410327,101.33662721956037
2649,33.18219,397350,0.9974575,0.87493896,0.43112928,-14.815987,9167,1375050,5976,4365.067150592804,-125.98893,-0.40786624,2.51861,99.14744313533427
2656,33.03975,398400,0.99754953,0.8845825,0.41048956,-15.29562,9185,1377750,5990,4375.536694049835,-124.44243,-0.3778389,2.2488723,97.92150607022204
2662,32.9406,399300,0.99740696,0.8723755,0.43660933,-14.4268,9204,1380600,6004,4385.722631216049,-126.23939,-0.40215638,2.420905,61.280393822912096
2668,32.209267,400200,0.9974344,0.8730469,0.45797205,-16.03223,9223,1383450,6018,4396.077518224716,-120.995255,-0.43149027,2.490827,99.86010866350584
2674,35.048428,401100,0.9975295,0.8847656,0.37997937,-13.982143,9243,1386450,6032,4406.246045351028,-129.68483,-0.36712372,2.1881046,61.81884037278009
2680,33.815163,402000,0.9974344,0.87542725,0.44380218,-15.30062,9260,1389000,6046,4416.585258722305,-123.756676,-0.41467452,2.2215853,98.87154584617561
2686,33.71296,402900,0.99744606,0.8758545,0.41954225,-15.803486,9281,1392150,6061,4427.3786952495575,-125.70891,-0.39198434,2.493836,76.36776863736246
2692,32.73095,403800,0.99746394,0.8685303,0.47321844,-15.048071,9297,1394550,6075,4437.60453248024,-119.4397,-0.4293946,2.780181,102.51387649855185
2698,31.878471,404700,0.9974668,0.8804321,0.43472546,-15.2015505,9317,1397550,6089,4447.869838237762,-118.65235,-0.39748722,2.5238166,73.87762428392342
2704,33.442043,405600,0.99751854,0.885376,0.40290576,-15.551026,9332,1399800,6103,4458.123577833176,-124.94087,-0.39623204,2.57724,100.25960071771014
2709,31.672142,406350,0.9974847,0.87786865,0.42986828,-13.276213,9352,1402800,6117,4468.328582048416,-118.63988,-0.39041337,2.484039,77.00701893393791
2716,31.533266,407400,0.9974487,0.8729248,0.45973104,-13.251841,9368,1405200,6131,4478.631702184677,-118.62598,-0.43632725,2.489844,100.11500366803654
2721,31.819023,408150,0.997489,0.8935547,0.38578755,-14.214224,9387,1408050,6145,4488.887485742569,-123.76164,-0.35778308,2.5667994,76.7783923115052
2728,31.826168,409200,0.99747086,0.8779907,0.42023623,-13.807372,9403,1410450,6159,4499.136418581009,-115.008255,-0.38550666,2.2776291,100.58870947192656
2733,30.870398,409950,0.9974184,0.8675537,0.4521897,-15.376916,9422,1413300,6173,4509.592867612839,-117.12807,-0.41953537,2.6527963,73.75804073521888
2740,30.90828,411000,0.99748945,0.87750244,0.42430285,-14.749487,9440,1416000,6187,4519.865641832352,-116.16115,-0.4090737,2.3687267,101.52204560324645
2745,31.731953,411750,0.99748373,0.89038086,0.38191694,-13.469131,9458,1418700,6201,4530.071755409241,-124.96544,-0.34679425,2.2085004,75.38837324448191
2752,31.099922,412800,0.9974272,0.86987305,0.44955242,-15.213165,9477,1421550,6215,4540.284823894501,-118.765175,-0.38942456,2.4259017,101.12802986122728
2757,31.291094,413550,0.9975271,0.87945557,0.43588457,-15.34907,9493,1423950,6229,4550.5030636787415,-118.11651,-0.38657832,2.2706566,76.00248476045675
2764,33.88472,414600,0.9975674,0.89624023,0.36714873,-13.418341,9512,1426800,6243,4560.79187297821,-127.931335,-0.34352273,2.1400075,99.7330731600025
2770,32.170807,415500,0.99747086,0.87683105,0.43546718,-15.021996,9533,1429950,6257,4570.896347522736,-118.47005,-0.39082164,2.8116639,62.78180101499431
2776,32.84269,416400,0.9975791,0.89501953,0.3741007,-12.688069,9549,1432350,6271,4581.27947473526,-127.11951,-0.3373521,2.3250566,97.83891878219028
2782,29.185177,417300,0.9974959,0.8718872,0.4446804,-14.539156,9570,1435500,6285,4591.527596712112,-113.67967,-0.39638138,2.322431,74.048525169725
2788,30.844742,418200,0.9974897,0.8807373,0.41288626,-14.117851,9586,1437900,6299,4601.810561656952,-117.124695,-0.3619572,2.419,96.60041535570996
2793,32.39457,418950,0.99753404,0.89068604,0.38464093,-14.197172,9604,1440600,6313,4611.814475536346,-123.46444,-0.3417071,2.3826342,97.22878635093942
2800,30.5503,420000,0.99743724,0.8617554,0.47198248,-12.269665,9622,1443300,6327,4622.340114593506,-115.59711,-0.426422,2.6028807,96.75267386328822
2805,30.902203,420750,0.99747086,0.87493896,0.44356215,-13.209583,9641,1446150,6342,4633.130631446838,-113.406395,-0.41667515,2.6666393,74.02538923001151
2812,30.73301,421800,0.9974265,0.8779297,0.42936224,-14.600342,9659,1448850,6356,4643.391790390015,-111.934364,-0.39819598,2.5596795,99.57018956639276
2817,31.20417,422550,0.99751043,0.8803711,0.4204476,-13.407263,9677,1451550,6370,4653.671655416489,-117.29291,-0.40263665,2.5560577,73.08259910994755
2824,32.354374,423600,0.9974325,0.8856201,0.40373516,-13.281491,9697,1454550,6384,4663.962987422943,-125.410675,-0.397475,2.187587,100.56474255229875
2829,30.999939,424350,0.99745727,0.87786865,0.42074424,-14.880405,9715,1457250,6398,4674.16877412796,-115.91167,-0.4117207,2.4092498,75.07186846371619
2836,29.700684,425400,0.9974823,0.8724365,0.45274776,-13.850924,9735,1460250,6412,4684.382169961929,-112.42533,-0.43650746,2.178203,99.38336251994625
2842,30.198479,426300,0.99745417,0.8704834,0.46266705,-14.117022,9753,1462950,6426,4694.642162322998,-115.887634,-0.4198051,3.5259953,94.65521033848168
2848,29.800709,427200,0.9975369,0.87872314,0.42283922,-13.844577,9770,1465500,6440,4704.884568691254,-119.281815,-0.40461507,2.2409353,95.96728105261201
2854,30.889484,428100,0.9975486,0.89282227,0.3862274,-14.936963,9788,1468200,6454,4715.144828081131,-114.58083,-0.34652755,2.0818415,95.00192916212924
2859,28.43015,428850,0.9974878,0.86846924,0.4942804,-13.2505455,9804,1470600,6468,4725.385799884796,-109.16809,-0.4467053,2.3530173,74.92171965617594
2865,30.321083,429750,0.99750304,0.87927246,0.40793365,-14.286971,9823,1473450,6482,4735.5842118263245,-114.32078,-0.38401926,2.1909757,73.7584663342845
2871,30.315113,430650,0.9975202,0.88323975,0.4028985,-13.231979,9839,1475850,6496,4745.8287444114685,-113.96585,-0.38950667,2.209661,74.61319834316093
2877,28.83742,431550,0.9975085,0.8822632,0.4322601,-15.815095,9859,1478850,6510,4756.081743717194,-107.410385,-0.4154459,2.2464747,74.9195658811571
2883,30.15137,432450,0.997453,0.87457275,0.45095363,-15.081144,9874,1481100,6524,4766.184307098389,-110.5336,-0.42855132,2.1189513,98.60587215181829
2890,29.873402,433500,0.99751043,0.88360596,0.4190734,-14.838768,9893,1483950,6538,4776.659113883972,-113.34314,-0.42046893,2.3270993,74.07165513657986
2895,28.302395,434250,0.99750495,0.89208984,0.39594328,-13.008072,9911,1486650,6552,4786.702362537384,-112.37356,-0.39566553,2.3201833,101.17392077816741
2902,28.725758,435300,0.99755406,0.8882446,0.39010417,-14.66734,9927,1489050,6566,4797.163273334503,-109.71465,-0.35746408,2.4295893,75.24427501457595
2907,31.006517,436050,0.9975369,0.885437,0.41539687,-17.588211,9947,1492050,6580,4807.180255174637,-113.06769,-0.38878155,2.3069923,100.46891376908526
2914,30.960308,437100,0.9974873,0.8773804,0.4284474,-15.383216,9964,1494600,6594,4817.8088228702545,-112.013214,-0.39381975,2.440052,61.597645646913584
2919,27.883217,437850,0.99747896,0.87194824,0.45503587,-15.773588,9978,1496700,6608,4827.832837104797,-105.201004,-0.42409796,2.3586264,100.87811594791107
2926,29.077616,438900,0.9974978,0.8826904,0.43478608,-16.515823,10000,1500000,6622,4838.323659181595,-112.94197,-0.39607155,2.60148,60.637932510582566
2931,29.643692,439650,0.9975078,0.89160156,0.3930605,-15.923838,10014,1502100,6636,4848.383486747742,-111.35462,-0.3787284,2.2999716,99.93810761435985
2938,30.33569,440700,0.9974446,0.8629761,0.49602067,-13.66691,10035,1505250,6650,4858.794226884842,-111.10736,-0.44245052,2.3026938,62.37589058055593
2943,27.753597,441450,0.9974613,0.87145996,0.4366818,-12.852781,10051,1507650,6664,4868.836363554001,-101.92235,-0.42623734,2.3355093,100.13490911830996
2950,27.544035,442500,0.9974389,0.87323,0.43320268,-14.153123,10071,1510650,6678,4879.230047464371,-105.60691,-0.38598013,2.5186586,61.94840683927158
2955,28.848967,443250,0.99745107,0.86639404,0.48288956,-14.7215395,10086,1512900,6692,4889.242730855942,-105.36977,-0.44348562,2.396665,101.76837332383015
2960,26.386494,444000,0.9974239,0.87384033,0.46905404,-14.097114,10108,1516200,6706,4899.271272420883,-102.39766,-0.4648546,2.4320624,102.08577190646619
2967,27.51458,445050,0.9975276,0.8865967,0.42601758,-11.656616,10127,1519050,6720,4909.655880689621,-105.903305,-0.40037704,2.242978,103.18674064071118
2974,29.68636,446100,0.9975505,0.8936157,0.39813948,-16.192913,10146,1521900,6735,4920.643200159073,-111.5773,-0.34945667,2.4564204,61.927284270517276
2980,29.210375,447000,0.9975176,0.8826904,0.4134762,-15.391245,10166,1524900,6750,4931.446112155914,-108.882324,-0.40832525,2.1212614,74.07531393684782
2986,26.789673,447900,0.99742556,0.87506104,0.4644216,-14.918369,10184,1527600,6764,4941.680921316147,-105.185,-0.4233641,2.273029,95.17732270778464
2992,26.40908,448800,0.9975159,0.8810425,0.41968685,-13.852526,10203,1530450,6778,4951.941405057907,-105.28118,-0.38004798,2.1770422,75.10972041553357
2999,28.708197,449850,0.99753165,0.88067627,0.41737014,-13.784529,10222,1533300,6792,4962.459796905518,-108.75351,-0.34515485,2.307082,60.0554961195045
3004,27.232357,450600,0.99743414,0.8679199,0.4938724,-12.959319,10238,1535700,6806,4972.485556602478,-100.70797,-0.48176944,2.2578983,98.40362886936555
3011,27.596691,451650,0.997478,0.88238525,0.41739434,-17.561777,10258,1538700,6820,4982.883070707321,-106.83256,-0.4011628,2.3557906,53.037865298454676
3015,29.599346,452250,0.99751663,0.871521,0.46360084,-14.395223,10273,1540950,6834,4992.918646097183,-106.12681,-0.4510738,2.3835402,74.01812266966083
3023,27.042122,453450,0.9975457,0.88012695,0.43967193,-14.84635,10292,1543800,6848,5003.31035900116,-103.82454,-0.39654517,2.2805269,61.44602871650157
3027,27.895193,454050,0.9974749,0.8782959,0.44225842,-15.114171,10309,1546350,6862,5013.345049858093,-102.42746,-0.4453399,2.2912378,75.51071469158904
3033,28.375706,454950,0.99751735,0.88464355,0.40087605,-15.647551,10326,1548900,6876,5023.573290586472,-107.44998,-0.35925713,2.0931406,76.3814367544795
3040,26.689018,456000,0.9974005,0.8720093,0.4648694,-15.520194,10347,1552050,6891,5034.385543584824,-102.375244,-0.44776434,2.3648267,76.61098149278642
3047,27.9111,457050,0.99747133,0.87158203,0.43622422,-15.499425,10366,1554900,6905,5044.820638179779,-106.366356,-0.4088226,2.2437756,75.45258007274984
3053,27.12924,457950,0.99753284,0.8779907,0.43752888,-15.084045,10385,1557750,6920,5055.775450229645,-104.13674,-0.41777334,2.6615572,59.94335520545082
3059,26.917267,458850,0.9974773,0.86242676,0.48751557,-16.976646,10400,1560000,6934,5066.069806814194,-102.005196,-0.46258563,2.248964,96.14354010776397
3064,26.723722,459600,0.9974704,0.87054443,0.4559657,-15.689301,10420,1563000,6949,5076.890344619751,-102.726845,-0.43014458,2.9302883,75.36435029574635
3071,26.232443,460650,0.99753094,0.8723755,0.46326327,-14.853275,10437,1565550,6963,5087.089206457138,-98.62169,-0.44709226,2.4885726,100.77060409703783
3076,28.414436,461400,0.99755406,0.88690186,0.40754777,-14.769485,10456,1568400,6977,5097.287127494812,-107.37854,-0.3892408,2.2700355,74.37696214673878
3083,29.108719,462450,0.9974663,0.87298584,0.43815777,-13.77995,10470,1570500,6991,5107.5593638420105,-103.48329,-0.4274786,2.439381,100.35990799812168
3089,27.739647,463350,0.99748564,0.8753052,0.4461737,-15.530788,10492,1573800,7005,5117.9473605155945,-104.45209,-0.40942696,2.4805017,76.5284658839025
3095,25.864843,464250,0.9974475,0.859375,0.52696925,-17.401966,10507,1576050,7019,5128.178726434708,-98.78676,-0.4584461,2.1047657,100.40063538774623
3100,27.844576,465000,0.9974723,0.8668823,0.48444438,-15.27347,10525,1578750,7033,5138.425314903259,-102.75499,-0.46994364,2.5776582,76.93184950518204
3107,27.401127,466050,0.9975271,0.8777466,0.43636438,-15.118988,10541,1581150,7047,5148.703039884567,-103.56343,-0.40938127,2.1783884,97.22459573275171
3112,26.521372,466800,0.9974494,0.85668945,0.5128019,-13.230938,10560,1584000,7061,5158.747851610184,-96.38187,-0.46818423,2.3038635,95.30654403901514
3118,26.171001,467700,0.99747276,0.86450195,0.523129,-15.299808,10576,1586400,7075,5169.227773666382,-95.03049,-0.50414574,2.3622851,75.26872798351036
3124,26.724493,468600,0.997478,0.873291,0.45917934,-14.572038,10592,1588800,7089,5179.231857061386,-97.5403,-0.40149432,2.4368196,101.26174022702419
3131,28.75145,469650,0.99747753,0.8721924,0.43997684,-14.349657,10607,1591050,7103,5189.669766664505,-103.139,-0.4136085,2.2479796,98.48453494400074
3136,26.367306,470400,0.99747086,0.8774414,0.43957794,-14.206313,10626,1593900,7117,5199.679992198944,-97.56143,-0.40397063,2.4169574,101.32649054643775
3143,27.775745,471450,0.9975641,0.8823242,0.44077206,-13.906254,10644,1596600,7131,5210.032196998596,-102.472595,-0.42387152,2.347888,96.21497694407257
3148,25.697567,472200,0.9974041,0.8496094,0.55478984,-15.033882,10662,1599300,7145,5220.122772216797,-95.16962,-0.53704584,2.4938023,101.55142669609907
3155,28.05197,473250,0.997524,0.8703003,0.46552247,-14.404342,10681,1602150,7159,5230.596723794937,-98.67554,-0.46153545,2.39918,94.01541873363529
3160,25.556576,474000,0.9974468,0.8691406,0.47933164,-13.290276,10700,1605000,7173,5240.630255699158,-95.70802,-0.4383627,2.4185886,100.72231927909755
3167,26.432207,475050,0.99750257,0.8709717,0.4714223,-13.163086,10719,1607850,7187,5251.021226167679,-94.51146,-0.4557342,2.2563329,96.14236933134006
3172,27.302889,475800,0.9974661,0.8676758,0.4662575,-13.3883505,10736,1610400,7201,5261.059499502182,-98.41155,-0.43462086,2.2503254,100.72723261089976
3179,26.254932,476850,0.99750805,0.87561035,0.45174417,-11.026304,10753,1612950,7215,5271.530013084412,-96.10225,-0.426025,2.1374474,94.804909567568
3184,26.39891,477600,0.9974952,0.86950684,0.48095345,-13.135773,10772,1615800,7229,5281.552862405777,-95.048355,-0.46971077,2.362076,100.76757784712454
3191,26.773186,478650,0.99745464,0.86517334,0.50393105,-14.782455,10789,1618350,7243,5292.049298048019,-93.53577,-0.50439,2.4405785,74.97147913099312
3196,25.871078,479400,0.99738955,0.8563843,0.51329404,-11.711694,10807,1621050,7257,5302.152809143066,-90.82976,-0.49568456,2.3710742,96.71711674058808
3203,24.535341,480450,0.99740815,0.848938,0.54550517,-12.412858,10825,1623750,7271,5312.607491493225,-87.58571,-0.5659152,2.1520329,76.05166523781705
3208,25.93951,481200,0.9975295,0.88031006,0.42848063,-12.456775,10842,1626300,7285,5322.659316301346,-94.68766,-0.39380616,2.3515787,97.79226187960754
3215,26.663635,482250,0.99751973,0.8743286,0.4557777,-13.301966,10857,1628550,7299,5333.1700530052185,-95.75208,-0.46352425,2.373632,62.357068322612
3220,25.34211,483000,0.99747944,0.87249756,0.4567669,-12.342379,10876,1631400,7313,5343.274349451065,-93.57449,-0.4487828,2.27636,99.27695536640526
3225,24.329556,483750,0.99749136,0.86968994,0.48779482,-11.860668,10895,1634250,7327,5353.505996465683,-91.661354,-0.45605874,2.1614618,73.29507857428774
3232,26.183777,484800,0.9975383,0.8740845,0.4388039,-13.730241,10911,1636650,7341,5363.8109340667725,-92.921005,-0.41810906,2.2856703,100.39943373820678
3237,26.710653,485550,0.9975238,0.87609863,0.47213933,-13.282122,10929,1639350,7355,5374.029919624329,-92.67325,-0.45350617,2.2044194,75.47786898221527
3244,27.274677,486600,0.9974265,0.87072754,0.46644065,-11.665018,10947,1642050,7369,5384.2882969379425,-94.62892,-0.46471155,2.4977999,102.24095054766336
3249,26.577318,487350,0.99747586,0.87286377,0.48138043,-12.113752,10966,1644900,7383,5394.559275627136,-91.4008,-0.4500331,2.3995066,73.58184007602819
3256,26.654133,488400,0.9974816,0.8730469,0.4720858,-10.227263,10985,1647750,7397,5404.834729194641,-94.88724,-0.42107293,2.1237502,102.33972300250402
3261,26.33407,489150,0.9974458,0.85717773,0.5205475,-14.015151,11003,1650450,7411,5415.258642911911,-94.54166,-0.5110185,2.4051485,76.1441043910113
3268,24.479908,490200,0.9974227,0.8598633,0.51079744,-9.399998,11023,1653450,7425,5425.6273403167725,-90.99877,-0.5111376,2.6978924,99.51994863016873
3273,26.383343,490950,0.99746966,0.85791016,0.50363725,-11.845284,11039,1655850,7439,5435.660933732986,-90.73857,-0.48792258,2.421612,101.52496374857509
3280,25.398369,492000,0.99748206,0.87268066,0.48325378,-11.835016,11060,1659000,7453,5446.17377448082,-90.85281,-0.47253022,2.2286556,101.38297572606342
3285,26.027145,492750,0.9974544,0.8658447,0.47686553,-12.537449,11078,1661700,7467,5456.245097160339,-90.19063,-0.4531383,2.4411168,98.89595118044211
3292,26.87091,493800,0.99754214,0.8834839,0.4211543,-10.673324,11098,1664700,7481,5466.811027765274,-95.01934,-0.399528,2.3337293,97.83185857801735
3297,25.712927,494550,0.99749374,0.8734741,0.47729808,-11.404193,11117,1667550,7495,5476.81666970253,-90.828316,-0.43602964,3.653625,101.341026784248
3303,25.176971,495450,0.99756575,0.8685303,0.5008427,-11.1384,11135,1670250,7509,5487.334382534027,-91.55248,-0.47269875,2.334951,74.36748364976434
3309,25.560675,496350,0.9974668,0.86242676,0.50169384,-11.036452,11154,1673100,7523,5497.472022294998,-91.64477,-0.46858063,2.411694,100.31775150494123
3315,24.17995,497250,0.9975295,0.86157227,0.5214184,-10.532953,11171,1675650,7537,5507.93821310997,-87.94716,-0.47328532,2.4988046,74.38594834406439
3321,23.983683,498150,0.9974768,0.8648071,0.498551,-12.219893,11194,1679100,7551,5518.016722202301,-88.74192,-0.46637946,2.3681712,99.68133516726725
3328,22.734135,499200,0.99743676,0.85479736,0.5284022,-12.386663,11210,1681500,7565,5528.580572605133,-84.65199,-0.45409444,2.2417932,74.80557188885874
3333,22.872688,499950,0.9974766,0.85754395,0.52607334,-9.837325,11231,1684650,7579,5538.701632261276,-84.63365,-0.50601983,2.5052347,100.07159766093034
3339,22.838837,500850,0.9974439,0.8572998,0.51503927,-11.944542,11249,1687350,7593,5549.289941549301,-86.398895,-0.48673236,2.5629005,74.13118105143566
3345,24.124866,501750,0.9974623,0.86517334,0.509392,-11.58659,11267,1690050,7607,5559.360450744629,-90.6272,-0.5023484,2.5857797,101.99043377063619
3352,22.694946,502800,0.9974618,0.8577881,0.5321619,-10.91222,11287,1693050,7621,5569.93674826622,-85.545395,-0.50986266,2.1137903,73.10015249880179
3358,23.795233,503700,0.9974625,0.8568115,0.53129065,-9.969751,11303,1695450,7635,5580.249988794327,-87.70234,-0.4740333,2.230872,74.3936171834317
3363,23.50172,504450,0.9974711,0.87268066,0.5012466,-10.486046,11323,1698450,7649,5590.359426736832,-89.18898,-0.48507288,2.200596,99.34691215880379
3370,24.990547,505500,0.99743986,0.8640137,0.49765858,-9.388575,11341,1701150,7663,5600.856232404709,-89.8855,-0.483128,2.36631,77.65407365343376
3375,23.21067,506250,0.99742246,0.8414917,0.5956084,-9.781694,11364,1704600,7677,5610.873854160309,-83.314285,-0.60428727,2.358439,73.5420867358722
3382,23.41054,507300,0.99743724,0.8539429,0.5473294,-10.719328,11380,1707000,7691,5621.373440980911,-84.78853,-0.51745,2.2766662,98.30942429928996
3387,25.242672,508050,0.99749947,0.8743286,0.45618048,-10.870808,11400,1710000,7705,5631.444191455841,-90.74701,-0.42684788,2.41998,73.8993658818328
3394,24.011786,509100,0.9974735,0.8555298,0.51293993,-11.304842,11420,1713000,7719,5641.904321908951,-84.93898,-0.50644445,2.2218065,98.43931801271255
3399,24.351429,509850,0.99750066,0.8574829,0.5354868,-10.318966,11441,1716150,7733,5651.940490961075,-87.22897,-0.5105368,2.3275323,74.41168231073752
3406,24.797493,510900,0.99754167,0.8709717,0.4878624,-9.552756,11458,1718700,7747,5662.34645986557,-88.78729,-0.48162603,2.683794,98.45809316558545
3411,23.519144,511650,0.9975178,0.871521,0.49004304,-9.881029,11478,1721700,7761,5672.351546049118,-85.83769,-0.45857435,2.2707863,72.85147237423993
3418,24.00585,512700,0.9974508,0.8510742,0.5457593,-9.7070265,11495,1724250,7775,5682.800891160965,-82.44031,-0.5214678,2.1945522,97.5734734076524
3423,22.395714,513450,0.9974377,0.847229,0.57542706,-9.976515,11517,1727550,7789,5692.857256412506,-81.61369,-0.5690962,2.4537122,74.44980044874764
3430,23.643045,514500,0.99750185,0.8687744,0.5071776,-9.546734,11535,1730250,7803,5703.308048248291,-83.09749,-0.5133579,2.0039449,74.60517314646336
3435,22.8461,515250,0.997458,0.8564453,0.5290437,-10.96661,11558,1733700,7817,5713.625670909882,-83.12836,-0.4785524,2.3542585,74.4898593121254
3442,24.220669,516300,0.9975443,0.8694458,0.49786666,-10.773498,11576,1736400,7831,5724.105599164963,-84.26244,-0.48711187,2.1007524,73.79149563632085
3447,24.566525,517050,0.99750876,0.8569946,0.5327936,-11.958426,11596,1739400,7845,5734.177668571472,-84.039856,-0.5341719,2.3980265,97.1523907587128
3454,25.356884,518100,0.9974389,0.862854,0.482718,-8.901954,11614,1742100,7859,5744.740722417831,-87.53488,-0.45921057,2.3473544,73.12538284281236
3459,24.706133,518850,0.9974463,0.8502197,0.5636575,-11.429273,11634,1745100,7873,5754.8459458351135,-86.83482,-0.55202717,2.295734,71.61544490954542
3466,25.321209,519900,0.9974685,0.86639404,0.5033885,-9.406233,11650,1747500,7887,5765.280704021454,-84.55164,-0.49004042,2.2354615,78.21890065675967
3471,22.6998,520650,0.9974315,0.8418579,0.58988,-11.274269,11670,1750500,7901,5775.3642320632935,-80.92865,-0.5832046,2.345413,73.99849376168135
3477,24.764362,521550,0.99745345,0.85095215,0.56743395,-10.450758,11687,1753050,7915,5785.670629739761,-87.32296,-0.55555916,2.2656977,98.24951421593225
3483,24.021292,522450,0.99747396,0.86431885,0.516645,-10.591396,11704,1755600,7929,5795.928530216217,-83.50934,-0.49236697,2.243323,74.16903277180644
3489,23.696959,523350,0.99753714,0.85876465,0.52154326,-10.381683,11722,1758300,7943,5806.146862745285,-82.3374,-0.48766965,2.2402506,100.0805892789967
3495,24.031439,524250,0.9975009,0.86602783,0.49836665,-8.627217,11740,1761000,7957,5816.445588111877,-84.48996,-0.45202756,2.2656627,99.00252858301984
3501,22.954859,525150,0.997493,0.8679199,0.47481677,-10.155113,11760,1764000,7971,5826.754407405853,-81.07946,-0.48335946,2.217149,95.84800029421878
3506,23.888853,525900,0.9974642,0.84643555,0.5574353,-11.54105,11777,1766550,7985,5837.010041952133,-81.775345,-0.5380969,2.1743422,72.7783719535538
3513,22.585978,526950,0.9975381,0.8658447,0.5157908,-9.425967,11797,1769550,7999,5847.294306278229,-79.138855,-0.4819454,2.4444652,99.92125577430606
3519,23.111618,527850,0.99746203,0.84594727,0.5564152,-11.32805,11818,1772700,8013,5857.50550198555,-79.47084,-0.5176846,2.2505138,73.44357424878707
3526,23.231922,528900,0.9974561,0.86102295,0.50096905,-9.661131,11835,1775250,8027,5867.820496082306,-81.07944,-0.44503793,2.408133,99.55626763747168
3530,23.516254,529500,0.9974873,0.85791016,0.524229,-10.873271,11857,1778550,8041,5877.865474700928,-81.87337,-0.4824058,2.3353338,99.9943214899421
3537,24.50346,530550,0.99745727,0.8514404,0.5565244,-12.030653,11877,1781550,8055,5888.37988781929,-83.76959,-0.49538422,2.4787211,101.54658628749851
3542,23.152779,531300,0.99754596,0.8704834,0.48654795,-10.435247,11900,1785000,8069,5898.400913000107,-81.99661,-0.45632327,2.2345917,102.16689902379558
3549,22.294867,532350,0.99746513,0.8514404,0.5573939,-11.757853,11919,1787850,8083,5908.910793304443,-81.02017,-0.5259914,3.391693,98.74345175342117
3554,21.326946,533100,0.99740815,0.84606934,0.5722534,-11.433847,11941,1791150,8097,5918.974909067154,-77.50158,-0.51288736,2.2464952,100.78997640158975
3561,22.295364,534150,0.99745274,0.8511963,0.54546857,-8.724165,11959,1793850,8111,5929.460074663162,-80.02234,-0.48544455,2.1695724,100.19882434972683
3566,24.301052,534900,0.9974823,0.8599243,0.5299016,-10.769149,11980,1797000,8125,5939.543780088425,-83.67065,-0.49501815,2.095213,100.43778805636644
3573,23.496498,535950,0.9974921,0.8609009,0.5238385,-10.703414,12001,1800150,8139,5949.9697008132935,-82.03629,-0.53100157,2.268985,101.88030720977436
3578,22.869274,536700,0.99746585,0.85913086,0.5285666,-10.115288,12022,1803300,8153,5960.036155939102,-79.82803,-0.4806017,2.530301,100.48523616152178
3585,21.892147,537750,0.997473,0.85687256,0.5590135,-10.845684,12040,1806000,8167,5970.529887199402,-77.91972,-0.5418136,2.4126334,96.19318659479171
3590,22.001469,538500,0.9974401,0.85046387,0.55728686,-11.30211,12060,1809000,8181,5980.605811595917,-76.44495,-0.56204987,2.3100433,99.02962896831691
3597,23.517696,539550,0.99753284,0.8654175,0.49249732,-11.97991,12079,1811850,8195,5991.111280679703,-82.5056,-0.4685044,2.1883478,99.46408242423165
3602,21.28018,540300,0.99746776,0.86291504,0.5176634,-10.964484,12100,1815000,8209,6001.140281200409,-76.78142,-0.48150826,2.3601117,98.80636620591339
3609,22.253307,541350,0.9974959,0.85894775,0.5390564,-9.77406,12119,1817850,8222,6011.182631254196,-78.77351,-0.53996706,2.2294612,70.862316918097
3614,21.667747,542100,0.9974439,0.8475342,0.5864754,-11.934619,12138,1820700,8236,6021.250223398209,-76.254974,-0.5471442,2.1913176,96.08114992943406
3621,23.24472,543150,0.9975183,0.8612671,0.5151005,-10.928042,12160,1824000,8250,6031.767249107361,-79.08026,-0.4781705,2.24221,60.31446920166683
3626,20.364208,543900,0.99748254,0.8574219,0.54860103,-11.592146,12177,1826550,8264,6041.888160705566,-74.58586,-0.5753335,2.2826176,98.99015207584506
3633,22.46533,544950,0.99749804,0.85498047,0.5520414,-10.114481,12201,1830150,8278,6052.388833284378,-77.55358,-0.516241,2.086401,61.428508399765306
3638,22.969103,545700,0.9974749,0.85162354,0.5600077,-10.681828,12221,1833150,8292,6062.480757951736,-79.45114,-0.557446,2.2142103,98.67669967831381
3645,22.866608,546750,0.99750066,0.8574219,0.53937244,-9.005592,12242,1836300,8306,6072.888758420944,-79.07796,-0.502173,2.1656399,62.932048226214114
3649,21.658337,547350,0.99749255,0.8619995,0.5214395,-10.317429,12261,1839150,8320,6082.9605395793915,-78.748146,-0.5481357,2.239709,74.9710812954543
3657,20.751846,548550,0.9974699,0.8502197,0.5726829,-11.396202,12282,1842300,8334,6093.42532992363,-75.46324,-0.50280654,2.2181454,61.14002336406558
3661,22.512865,549150,0.99749756,0.8544922,0.55252,-10.596615,12298,1844700,8348,6103.428770780563,-79.43468,-0.5487672,2.2462435,76.8762621764335
3669,22.063942,550350,0.99751186,0.8658447,0.508033,-8.689076,12318,1847700,8362,6113.849362850189,-77.3052,-0.5027927,2.2120879,63.10176024545317
3674,20.69519,551100,0.99751353,0.8569336,0.53848034,-11.366392,12340,1851000,8376,6123.921786308289,-77.44743,-0.48517185,2.251369,74.26964620887487
3680,21.848654,552000,0.99748826,0.8577881,0.51876974,-9.387597,12358,1853700,8390,6134.1739184856415,-76.601105,-0.520365,2.2659974,75.30914500902945
3686,21.450188,552900,0.9974475,0.84820557,0.5557963,-9.675245,12375,1856250,8404,6144.507014989853,-75.7937,-0.5301594,2.243072,75.21701361208895
3692,22.238325,553800,0.99750996,0.8614502,0.53512,-11.943544,12395,1859250,8418,6154.836843729019,-77.449486,-0.55050254,2.220582,76.74895484818352
3697,21.882792,554550,0.997493,0.8574219,0.5371208,-10.379283,12414,1862100,8432,6164.900022506714,-77.22326,-0.5051598,2.3135524,100.646374828232
3704,22.539656,555600,0.9974923,0.8602905,0.5235344,-8.686239,12433,1864950,8446,6175.391152858734,-79.129,-0.5143199,2.6826599,76.36928948957116
3710,22.619917,556500,0.99745464,0.8548584,0.55193245,-9.9540615,12451,1867650,8460,6185.648480892181,-76.90814,-0.5247478,2.1816816,76.51810394711713
3716,21.663528,557400,0.99743414,0.8463135,0.5880265,-10.375451,12472,1870800,8474,6195.988581418991,-76.66226,-0.5769804,2.312694,76.33083053978731
3721,22.289154,558150,0.9974501,0.8378906,0.5835349,-10.941389,12489,1873350,8488,6206.174770593643,-75.24244,-0.5631119,2.3212228,99.75508826824777
3727,20.913244,559050,0.9974561,0.8463745,0.56856775,-9.600931,12509,1876350,8502,6216.492253065109,-72.863976,-0.5232353,2.4348252,96.92024813216673
3733,21.098417,559950,0.9974632,0.8458252,0.60603875,-10.322411,12527,1879050,8516,6226.82124710083,-72.49196,-0.55230194,2.4587932,101.46440823522119
3739,20.702656,560850,0.9974148,0.8451538,0.59028417,-8.538907,12546,1881900,8530,6237.162149429321,-73.258484,-0.56962657,2.190422,98.22560656546325
3745,20.998533,561750,0.99744177,0.8463135,0.59248483,-11.013071,12565,1884750,8544,6247.480632781982,-68.96161,-0.5648849,2.4279537,100.64554464206375
3752,21.974163,562800,0.997525,0.8647461,0.5168903,-9.751452,12586,1887900,8558,6258.015483617783,-76.12796,-0.48544335,2.3362827,61.98591415299724
3757,21.67397,563550,0.9974952,0.8609619,0.5447272,-9.937673,12603,1890450,8572,6268.121219873428,-74.06651,-0.54363257,2.480896,101.53736773800162
3763,20.890276,564450,0.9975548,0.8624878,0.5339787,-11.120163,12623,1893450,8586,6278.516255617142,-74.46947,-0.49056894,2.1736047,74.0866401123407
3769,20.085907,565350,0.99747014,0.8468628,0.55525124,-10.563633,12642,1896300,8600,6288.5222318172455,-75.471306,-0.51531696,2.2243104,101.64117302048345
3776,20.19843,566400,0.99747586,0.8498535,0.5758449,-9.362126,12664,1899600,8614,6298.998097896576,-72.19374,-0.55868185,2.3002343,61.8217305080573
3781,21.273508,567150,0.99751306,0.8464966,0.55786383,-10.257422,12680,1902000,8628,6309.080481529236,-73.97327,-0.5362191,2.199316,99.91385466538676
3786,21.270992,567900,0.9974208,0.85388184,0.5700909,-11.512503,12701,1905150,8642,6319.561826467514,-73.73065,-0.56474656,2.2467139,74.49641248910036
3793,20.535711,568950,0.9974263,0.8502197,0.56686765,-10.464624,12717,1907550,8656,6329.919114589691,-73.00806,-0.55777156,2.2361257,100.23492949941804
3798,20.218945,569700,0.9974227,0.83776855,0.62355673,-11.370619,12737,1910550,8670,6340.155596256256,-68.79346,-0.6520463,2.7401724,74.96982500041892
3805,20.234114,570750,0.997478,0.84661865,0.56840414,-13.206214,12756,1913400,8684,6350.437547922134,-72.72708,-0.5538987,2.209374,101.3570980054848
3811,20.469006,571650,0.9974575,0.8498535,0.56748724,-9.788543,12777,1916550,8698,6360.746288061142,-71.58411,-0.5836339,2.1408682,75.33416870997173
3817,21.193169,572550,0.9975598,0.8699341,0.5085883,-9.955227,12794,1919100,8712,6371.072432518005,-75.38089,-0.48610508,2.6175659,100.80152008441576
3822,21.163784,573300,0.99755096,0.8730469,0.4754228,-10.765546,12812,1921800,8726,6381.380154371262,-76.50433,-0.4569608,2.4717185,74.72225891962655
3829,20.437567,574350,0.997468,0.85406494,0.5585912,-8.871635,12834,1925100,8740,6391.662769794464,-71.821434,-0.5167304,2.236979,99.50253672007487
3835,20.339664,575250,0.9974458,0.8399658,0.59856606,-10.6832485,12852,1927800,8754,6401.946669340134,-71.079666,-0.61699104,2.2379136,98.37759104955465
3841,21.484188,576150,0.9974513,0.8461304,0.5670337,-8.890226,12869,1930350,8768,6412.211891412735,-72.34354,-0.54032767,2.3580642,101.8372889972211
3846,21.358131,576900,0.99746037,0.8470459,0.58551574,-10.444575,12888,1933200,8782,6422.507760763168,-72.91544,-0.53746426,2.6269317,74.31376976294159
3853,20.63736,577950,0.99751997,0.8571167,0.53741586,-11.152112,12907,1936050,8796,6432.79124045372,-73.6942,-0.52934873,2.3565717,98.30906426087867
3859,21.568779,578850,0.9975195,0.8687134,0.51175654,-8.99741,12926,1938900,8810,6443.094698190689,-74.24187,-0.46501306,2.2487319,97.78364110712597
3865,21.107845,579750,0.9975116,0.8520508,0.5547762,-9.47756,12945,1941750,8824,6453.415060758591,-73.45654,-0.5147092,2.170154,74.76277817883657
3871,21.948273,580650,0.99750185,0.85266113,0.5657352,-9.98825,12966,1944900,8838,6463.789853811264,-73.930115,-0.543399,2.3161716,99.18521315722771
3877,21.107431,581550,0.9974992,0.83898926,0.618987,-10.555266,12985,1947750,8852,6474.057679891586,-71.67598,-0.6241492,2.1747253,74.19945684547461
3883,21.375862,582450,0.9974811,0.8567505,0.5621226,-11.668629,13002,1950300,8866,6484.320165157318,-74.155685,-0.5609621,2.4378297,99.00508458948191
