delta_dist,episode_length,episode_return,evaluator_episodes,evaluator_steps,final_dist,init_dist,min_dist,steps_per_second,success,success_1000
-0.08237777427231964,150,0.0,1,150,0.167196725672055,0.08481895139973537,0.07317224421218707,40.79510385300666,0.0,nan
-0.09461930057237337,150,0.0,1,150,0.16175033831436977,0.0671310377419964,0.056109493826387594,24.922263701299936,0.0,nan
3,450,-0.13011903,150,0.0,2,300,0.22488946,0.094770424,0.09246706,44.09589878990027,0.0,nan
1,150,-0.08237776,150,0.0,2,300,0.16719674,0.084818974,0.07317225,36.48490332694309,0.0,nan
2,300,-0.08950019,150,0.0,2,300,0.19497257,0.105472386,0.100851744,35.04636803673124,0.0,nan
2,300,-0.08237776,150,0.0,2,300,0.16719674,0.084818974,0.07317225,14.341154132366986,0.0,nan
-0.2018542,150,0.0,2,300,0.2770138,0.07515961,0.072818786,21.444817121451763,0.0,nan
-0.21213719,150,0.0,3,450,0.28654715,0.07440997,0.073083304,135.42702269631997,0.0,0.0
-0.1880719,150,0.0,4,600,0.27564403,0.08757213,0.08252007,133.94067439382985,0.0,0.0
-0.09057416,150,0.0,5,750,0.23600009,0.14542593,0.11968554,129.27858285928457,0.0,0.0
-0.17034999,150,0.0,6,900,0.26313266,0.092782676,0.08549792,122.52176741052041,0.0,0.0
-0.120141536,150,0.0,7,1050,0.25712794,0.1369864,0.12681973,139.69378393284882,0.0,0.0
-0.2484991,150,0.0,8,1200,0.30924553,0.060746428,0.060562246,140.87622196954464,0.0,0.0
-0.21464318,150,0.0,9,1350,0.28914404,0.07450086,0.073483996,116.07139266166857,0.0,0.0
-0.15389866,150,0.0,10,1500,0.2574739,0.10357522,0.09434958,134.89876893157668,0.0,0.0
-0.12560007,150,0.0,11,1650,0.24782062,0.122220546,0.101987675,133.46318764039296,0.0,0.0
-0.08459036,150,0.0,12,1800,0.23429136,0.149701,0.12214349,120.36364749456672,0.0,0.0
-0.21208784,150,0.0,13,1950,0.30781516,0.09572733,0.095412165,113.86174917048561,0.0,0.0
-0.1565997,150,0.0,14,2100,0.26400626,0.107406564,0.10147052,108.34047543401499,0.0,0.0
-0.18583228,150,0.0,15,2250,0.2728465,0.08701421,0.08134019,88.85505614438812,0.0,0.0
-0.22633016,150,0.0,16,2400,0.31029764,0.083967485,0.08385994,116.24456927219656,0.0,0.0
-0.12912795,150,0.0,17,2550,0.2562468,0.12711886,0.117200695,122.49249785395692,0.0,0.0
-0.14132093,150,0.0,18,2700,0.25220057,0.110879645,0.09822753,54.2915662598618,0.0,0.0
-0.20837912,150,0.0,19,2850,0.2969774,0.08859829,0.08767224,27.75875363184898,0.0,0.0
-0.08525835,150,0.0,20,3000,0.23260339,0.14734504,0.11790763,62.780861876547704,0.0,0.0
-0.2418837,150,0.0,21,3150,0.33845627,0.09657258,0.09647068,49.465401966301805,0.0,0.0
-0.23280987,150,0.0,22,3300,0.32108155,0.08827168,0.0881793,60.63582915871789,0.0,0.0
-0.1982916,150,0.0,23,3450,0.27527758,0.07698599,0.07416924,46.579656656332425,0.0,0.0
-0.12518686,150,0.0,24,3600,0.21769471,0.09250785,0.08972093,45.9081984304635,0.0,0.0
-0.12663946,150,0.0,25,3750,0.23756579,0.11092633,0.11092633,102.51110374997903,0.0,0.0
-0.17850497,150,0.0,26,3900,0.23992015,0.061415188,0.061361477,102.04023509559882,0.0,0.0
-0.14978725,150,0.0,27,4050,0.24604769,0.09626044,0.09626044,82.08797037166546,0.0,0.0
-0.18487482,150,0.0,28,4200,0.32965544,0.14478062,0.14474109,60.33210459491908,0.0,0.0
-0.48497152,150,0.0,30,4500,0.5847049,0.09973335,0.09973335,157.24649870095465,0.0,0.0
-0.10748392,150,0.0,32,4800,0.21847178,0.11098786,0.11098786,212.65400749896656,0.0,0.0
-0.2754659,150,0.0,34,5100,0.40431684,0.12885095,0.11376964,255.75128354180302,0.0,0.0
-0.4481919,150,0.0,36,5400,0.5122941,0.0641022,0.06408176,194.92295199343923,0.0,0.0
-0.46262884,150,0.0,38,5700,0.53153837,0.06890954,0.06890954,186.2918004681386,0.0,0.0
-0.3950836,150,0.0,40,6000,0.49699587,0.10191226,0.10163016,158.5416934936594,0.0,0.0
-0.36958665,150,0.0,42,6300,0.48812243,0.118535794,0.11206039,227.9980604718214,0.0,0.0
-0.3644318,150,0.0,44,6600,0.45603627,0.09160448,0.091600664,190.85949106004432,0.0,0.0
-0.2702636,150,0.0,46,6900,0.46541587,0.19515224,0.18041658,203.66868410625355,0.0,0.0
-0.2729987,150,0.0,48,7200,0.415225,0.1422263,0.13753803,193.14692777117048,0.0,0.0
-0.36030126,150,0.0,50,7500,0.42041764,0.060116388,0.060035206,180.27724751409647,0.0,0.0
-0.16959669,150,0.0,51,7650,0.29277036,0.12317367,0.111440755,139.6421593314531,0.0,0.0
-0.19350842,150,0.0,53,7950,0.27002278,0.07651436,0.07623074,189.3089565442411,0.0,0.0
-0.20704831,150,0.0,55,8250,0.3092083,0.10215999,0.10213708,240.28616844859945,0.0,0.0
-0.0443682,150,0.0,57,8550,0.1412042,0.09683599,0.09377427,129.3916872020721,0.0,0.0
-0.046323173,150,0.0,58,8700,0.16844824,0.12212507,0.12212507,98.47614861730162,0.0,0.0
-0.12949571,150,0.0,59,8850,0.23508506,0.10558935,0.06684637,137.09704376916108,0.0,0.0
-0.06044974,150,0.0,61,9150,0.15641512,0.09596538,0.08468816,219.8918689943481,0.0,0.0
-0.23028721,150,0.0,63,9450,0.30504492,0.07475771,0.037435297,195.33302472269284,0.0,0.0
-0.13228583,150,0.0,65,9750,0.22009957,0.087813735,0.047434624,195.2757313230485,0.0,0.0
-0.176508,150,0.0,67,10050,0.27086538,0.094357386,0.087429106,190.87755747831736,0.0,0.0
-0.15997769,150,0.0,68,10200,0.25895283,0.09897514,0.09583705,89.51977424040699,0.0,0.0
-0.22003742,150,0.0,69,10350,0.31784016,0.09780274,0.094648115,149.46760035768892,0.0,0.0
-0.2269054,150,0.0,71,10650,0.32255638,0.09565098,0.0939952,232.42309093286855,0.0,0.0
-0.24512273,150,0.0,73,10950,0.35423267,0.10910994,0.10866219,237.73648644818866,0.0,0.0
-0.15056434,150,0.0,75,11250,0.2988488,0.14828447,0.13420002,247.21480116388042,0.0,0.0
-0.17568137,150,0.0,77,11550,0.31663847,0.1409571,0.13244843,148.3508220246922,0.0,0.0
-0.23344922,150,0.0,78,11700,0.3466483,0.11319908,0.11292349,94.14298311519612,0.0,0.0
-0.2792144,150,0.0,80,12000,0.37010697,0.09089256,0.09089256,166.56203132177023,0.0,0.0
-0.27020442,150,0.0,81,12150,0.35479158,0.08458717,0.0844635,107.39636046441164,0.0,0.0
-0.29961982,150,0.0,83,12450,0.37435699,0.07473717,0.07473717,212.19161763892467,0.0,0.0
-0.18419349,150,0.0,85,12750,0.33422,0.1500265,0.1350154,208.87871039112036,0.0,0.0
-0.2983051,150,0.0,87,13050,0.38937962,0.09107452,0.09107452,184.7896616928925,0.0,0.0
-0.21047299,150,0.0,88,13200,0.3367479,0.12627493,0.12627493,116.08439245821653,0.0,0.0
